id_row,time_stamp,department_,category_,machine_name,part_name,plan_,id_operator,output_,cycle_time,count_,run_,idle_,alarm_,offline_,alarm_code
1,"2025-08-16 16:03:47.57",Lathe,Machine,"Rotor TK1",089-138,0,id,0,0.00,0,0,0,0,0,0
2,"2025-08-16 16:03:47.57",Lathe,Machine,"Rotor TK4",2021404,0,id,0,0.00,0,0,0,0,0,0
3,"2025-08-16 16:03:56.91",Lathe,Machine,"Rotor TK1",089-138,0,id,1,95.00,1,0,0,0,0,0
4,"2025-08-16 16:04:15.69",Lathe,Machine,"Rotor TK1",089-138,0,id,0,0.00,0,0,0,1,0,0
5,"2025-08-16 16:04:16.63",Lathe,Machine,"Rotor TK1",089-138,0,id,0,0.00,0,0,0,0,0,0
6,"2025-08-16 16:04:22.61",Lathe,Machine,"Rotor TK1",089-138,0,id,0,0.00,0,0,0,0,0,0
7,"2025-08-16 16:04:22.61",Lathe,Machine,"Rotor TK4",2021404,0,id,1,95.00,1,0,0,0,0,0
8,"2025-08-16 16:04:23.86",Lathe,Machine,"Rotor TK1",089-138,0,id,0,0.00,0,0,0,0,0,0
9,"2025-08-16 16:04:56.18",Lathe,Machine,"Rotor TK4",2021404,0,id,0,0.00,0,0,0,1,0,0
10,"2025-08-16 16:04:57.36",Lathe,Machine,"Rotor TK4",2021404,0,id,0,0.00,0,0,0,0,0,0
11,"2025-08-16 16:05:02.77",Lathe,Machine,"Rotor TK4",2021404,0,id,0,0.00,0,0,0,0,0,0
12,"2025-08-16 16:05:03.77",Lathe,Machine,"Rotor TK4",2021404,0,id,0,0.00,0,0,0,0,0,0
13,"2025-08-16 16:05:39.73",Lathe,Machine,"Rotor TK1",089-138,0,id,1,95.00,2,0,0,0,0,0
14,"2025-08-16 16:05:58.64",Lathe,Machine,"Rotor TK1",089-138,0,id,0,0.00,0,0,0,1,0,0
15,"2025-08-16 16:05:59.54",Lathe,Machine,"Rotor TK1",089-138,0,id,0,0.00,0,0,0,0,0,0
16,"2025-08-16 16:06:05.14",Lathe,Machine,"Rotor TK4",2021404,0,id,1,95.00,2,0,0,0,0,0
17,"2025-08-16 16:06:05.73",Lathe,Machine,"Rotor TK1",089-138,0,id,0,0.00,0,0,0,0,0,0
18,"2025-08-16 16:06:06.59",Lathe,Machine,"Rotor TK1",089-138,0,id,0,0.00,0,0,0,0,0,0
19,"2025-08-16 16:07:24.46",Lathe,Machine,"Rotor TK1",089-138,0,id,0,0.00,0,0,0,0,0,0
20,"2025-08-16 16:07:24.46",Lathe,Machine,"Rotor TK1",089-138,0,id,1,95.00,3,0,0,0,0,0
21,"2025-08-16 16:07:24.46",Lathe,Machine,"Rotor TK4",2021404,0,id,0,0.00,0,0,0,0,0,0
22,"2025-08-16 16:07:41.45",Lathe,Machine,"Rotor TK1",089-138,0,id,0,0.00,0,0,0,0,0,0
23,"2025-08-16 16:07:42.35",Lathe,Machine,"Rotor TK1",089-138,0,id,0,0.00,0,0,0,0,0,0
24,"2025-08-16 16:07:48.06",Lathe,Machine,"Rotor TK4",2021404,0,id,1,102.92,3,0,0,0,0,0
25,"2025-08-16 16:07:48.35",Lathe,Machine,"Rotor TK1",089-138,0,id,0,0.00,0,0,0,0,0,0
26,"2025-08-16 16:07:49.54",Lathe,Machine,"Rotor TK1",089-138,0,id,0,0.00,0,0,0,0,0,0
27,"2025-08-16 16:08:22.15",Lathe,Machine,"Rotor TK4",2021404,0,id,0,0.00,0,0,0,0,0,0
28,"2025-08-16 16:08:23.03",Lathe,Machine,"Rotor TK4",2021404,0,id,0,0.00,0,0,0,0,0,0
29,"2025-08-16 16:08:28.51",Lathe,Machine,"Rotor TK4",2021404,0,id,0,0.00,0,0,0,0,0,0
30,"2025-08-16 16:08:29.51",Lathe,Machine,"Rotor TK4",2021404,0,id,0,0.00,0,0,0,0,0,0
31,"2025-08-16 16:09:05.35",Lathe,Machine,"Rotor TK1",089-138,0,id,1,100.89,4,0,0,0,0,0
32,"2025-08-16 16:09:24.09",Lathe,Machine,"Rotor TK1",089-138,0,id,0,0.00,0,0,0,0,0,0
33,"2025-08-16 16:09:25.25",Lathe,Machine,"Rotor TK1",089-138,0,id,0,0.00,0,0,0,0,0,0
34,"2025-08-16 16:09:30.58",Lathe,Machine,"Rotor TK4",2021404,0,id,1,102.52,4,0,0,0,0,0
35,"2025-08-16 16:09:31.24",Lathe,Machine,"Rotor TK1",089-138,0,id,0,0.00,0,0,0,0,0,0
36,"2025-08-16 16:09:32.20",Lathe,Machine,"Rotor TK1",089-138,0,id,0,0.00,0,0,0,0,0,0
37,"2025-08-16 16:10:05.00",Lathe,Machine,"Rotor TK4",2021404,0,id,0,0.00,0,0,0,0,0,0
38,"2025-08-16 16:10:05.92",Lathe,Machine,"Rotor TK4",2021404,0,id,0,0.00,0,0,0,0,0,0
39,"2025-08-16 16:10:11.56",Lathe,Machine,"Rotor TK4",2021404,0,id,0,0.00,0,0,0,0,0,0
40,"2025-08-16 16:10:12.47",Lathe,Machine,"Rotor TK4",2021404,0,id,0,0.00,0,0,0,0,0,0
41,"2025-08-16 16:10:48.47",Lathe,Machine,"Rotor TK1",089-138,0,id,1,103.12,5,0,0,0,0,0
42,"2025-08-16 16:11:09.01",Lathe,Machine,"Rotor TK1",089-138,0,id,0,0.00,0,0,0,0,0,0
43,"2025-08-16 16:11:10.00",Lathe,Machine,"Rotor TK1",089-138,0,id,0,0.00,0,0,0,0,0,0
44,"2025-08-16 16:11:13.82",Lathe,Machine,"Rotor TK4",2021404,0,id,1,103.24,5,0,0,0,0,0
45,"2025-08-16 16:11:42.28",Lathe,Machine,"Rotor TK4",2021404,0,id,0,0.00,0,0,0,0,0,0
46,"2025-08-16 16:11:44.33",Lathe,Machine,"Rotor TK4",2021404,0,id,0,0.00,0,0,0,0,0,0
47,"2025-08-16 16:12:47.73",Lathe,Machine,"Rotor TK1",089-138,0,id,0,0.00,0,0,0,0,0,0
48,"2025-08-16 16:12:47.73",Lathe,Machine,"Rotor TK4",2021404,0,id,0,0.00,0,0,0,0,0,0
49,"2025-08-16 16:12:52.42",Lathe,Machine,"Rotor TK4",2021404,0,id,1,0.00,0,0,0,0,0,0
50,"2025-08-16 16:13:31.38",Lathe,Machine,"Rotor TK1",089-138,0,id,1,0.00,0,0,0,0,0,0
51,"2025-08-16 16:13:50.48",Lathe,Machine,"Rotor TK1",089-138,0,id,0,0.00,0,0,0,0,0,0
52,"2025-08-16 16:13:51.38",Lathe,Machine,"Rotor TK1",089-138,0,id,0,0.00,0,0,0,0,0,0
53,"2025-08-16 16:13:58.26",Lathe,Machine,"Rotor TK1",089-138,0,id,0,26.88,7,0,0,0,0,0
54,"2025-08-16 16:14:31.91",Lathe,Machine,"Rotor TK4",2021404,0,id,1,0.00,0,0,0,0,0,0
55,"2025-08-16 16:14:33.08",Lathe,Machine,"Rotor TK4",2021404,0,id,0,0.00,0,0,0,0,0,0
56,"2025-08-16 16:14:39.36",Lathe,Machine,"Rotor TK4",2021404,0,id,0,7.45,8,0,0,0,0,0
57,"2025-08-16 16:15:14.49",Lathe,Machine,"Rotor TK1",089-138,0,id,1,0.00,0,0,0,0,0,0
58,"2025-08-16 16:15:33.85",Lathe,Machine,"Rotor TK1",089-138,0,id,0,0.00,0,0,0,0,0,0
59,"2025-08-16 16:15:34.74",Lathe,Machine,"Rotor TK1",089-138,0,id,0,0.00,0,0,0,0,0,0
60,"2025-08-16 16:15:40.66",Lathe,Machine,"Rotor TK4",2021404,0,id,1,0.00,0,0,0,0,0,0
61,"2025-08-16 16:15:41.65",Lathe,Machine,"Rotor TK1",089-138,0,id,0,27.16,8,0,0,0,0,0
62,"2025-08-16 16:16:15.45",Lathe,Machine,"Rotor TK4",2021404,0,id,1,0.00,0,0,0,0,0,0
63,"2025-08-16 16:16:16.43",Lathe,Machine,"Rotor TK4",2021404,0,id,0,0.00,0,0,0,0,0,0
64,"2025-08-16 16:16:22.43",Lathe,Machine,"Rotor TK4",2021404,0,id,0,6.98,10,0,0,0,0,0
65,"2025-08-16 16:16:57.77",Lathe,Machine,"Rotor TK1",089-138,0,id,1,0.00,0,0,0,0,0,0
66,"2025-08-16 16:17:17.16",Lathe,Machine,"Rotor TK1",089-138,0,id,0,0.00,0,0,0,0,0,0
67,"2025-08-16 16:17:18.11",Lathe,Machine,"Rotor TK1",089-138,0,id,0,0.00,0,0,0,0,0,0
68,"2025-08-16 16:17:23.90",Lathe,Machine,"Rotor TK4",2021404,0,id,1,0.00,0,0,0,0,0,0
69,"2025-08-16 16:17:25.13",Lathe,Machine,"Rotor TK1",089-138,0,id,0,27.36,9,0,0,0,0,0
70,"2025-08-16 16:17:58.57",Lathe,Machine,"Rotor TK4",2021404,0,id,1,0.00,0,0,0,0,0,0
71,"2025-08-16 16:17:59.74",Lathe,Machine,"Rotor TK4",2021404,0,id,0,0.00,0,0,0,0,0,0
72,"2025-08-16 16:18:05.98",Lathe,Machine,"Rotor TK4",2021404,0,id,0,7.41,12,0,0,0,0,0
73,"2025-08-16 16:18:40.97",Lathe,Machine,"Rotor TK1",089-138,0,id,1,0.00,0,0,0,0,0,0
74,"2025-08-16 16:26:41.96",Lathe,Machine,"Rotor TK1",089-138,0,id,0,0.00,0,0,0,0,0,0
75,"2025-08-16 16:26:41.96",Lathe,Machine,"Rotor TK4",2021404,0,id,0,0.00,0,0,0,0,0,0
76,"2025-08-16 16:26:41.96",Lathe,Machine,"Rotor TK4",2021404,0,id,0,523.39,12,0,0,0,0,0
77,"2025-08-16 16:27:17.20",Lathe,Machine,"Rotor TK1",089-138,0,id,1,0.00,0,0,0,0,0,0
78,"2025-08-16 16:27:36.13",Lathe,Machine,"Rotor TK1",089-138,0,id,0,0.00,0,0,0,0,0,0
79,"2025-08-16 16:27:37.09",Lathe,Machine,"Rotor TK1",089-138,0,id,0,0.00,0,0,0,0,0,0
80,"2025-08-16 16:27:42.95",Lathe,Machine,"Rotor TK4",2021404,0,id,1,0.00,0,0,0,0,0,0
81,"2025-08-16 16:27:43.92",Lathe,Machine,"Rotor TK1",089-138,0,id,0,26.72,11,0,0,0,0,0
82,"2025-08-16 16:28:17.61",Lathe,Machine,"Rotor TK4",2021404,0,id,1,0.00,0,0,0,0,0,0
83,"2025-08-16 16:28:18.57",Lathe,Machine,"Rotor TK4",2021404,0,id,0,0.00,0,0,0,0,0,0
84,"2025-08-16 16:28:24.72",Lathe,Machine,"Rotor TK4",2021404,0,id,0,7.11,14,0,0,0,0,0
85,"2025-08-16 16:29:14.98",Lathe,Machine,"Rotor TK1",089-138,0,id,1,0.00,0,0,0,0,0,0
86,"2025-08-16 16:29:14.98",Lathe,Machine,"Rotor TK4",2021404,0,id,0,0.00,0,0,0,0,0,0
87,"2025-08-16 16:29:19.07",Lathe,Machine,"Rotor TK1",089-138,0,id,0,0.00,0,0,0,0,0,0
88,"2025-08-16 16:29:20.31",Lathe,Machine,"Rotor TK1",089-138,0,id,0,0.00,0,0,0,0,0,0
89,"2025-08-16 16:29:26.04",Lathe,Machine,"Rotor TK4",2021404,0,id,1,0.00,0,0,0,0,0,0
90,"2025-08-16 16:29:27.01",Lathe,Machine,"Rotor TK1",089-138,0,id,0,12.03,12,0,0,0,0,0
91,"2025-08-16 16:30:00.60",Lathe,Machine,"Rotor TK4",2021404,0,id,1,0.00,0,0,0,0,0,0
92,"2025-08-16 16:30:01.51",Lathe,Machine,"Rotor TK4",2021404,0,id,0,0.00,0,0,0,0,0,0
93,"2025-08-16 16:30:07.48",Lathe,Machine,"Rotor TK4",2021404,0,id,0,6.88,16,0,0,0,0,0
94,"2025-08-16 16:30:41.55",Lathe,Machine,"Rotor TK1",089-138,0,id,0,0.00,0,0,0,0,0,0
95,"2025-08-16 16:30:41.55",Lathe,Machine,"Rotor TK4",2021404,0,id,0,0.00,0,0,0,0,0,0
96,"2025-08-16 16:30:43.12",Lathe,Machine,"Rotor TK1",089-138,0,id,1,0.00,0,0,0,0,0,0
97,"2025-08-16 16:31:02.15",Lathe,Machine,"Rotor TK1",089-138,0,id,1,0.00,0,0,0,0,0,0
98,"2025-08-16 16:31:02.45",Lathe,Machine,"Rotor TK1",089-138,0,id,0,0.00,0,0,0,0,0,0
99,"2025-08-16 16:31:03.33",Lathe,Machine,"Rotor TK1",089-138,0,id,0,0.00,0,0,0,0,0,0
100,"2025-08-16 16:31:09.34",Lathe,Machine,"Rotor TK4",2021404,0,id,1,0.00,0,0,0,0,0,0
101,"2025-08-16 16:31:09.93",Lathe,Machine,"Rotor TK1",089-138,0,id,0,7.78,14,0,0,0,0,0
102,"2025-08-16 16:31:43.34",Lathe,Machine,"Rotor TK4",2021404,0,id,1,0.00,0,0,0,0,0,0
103,"2025-08-16 16:31:44.58",Lathe,Machine,"Rotor TK4",2021404,0,id,0,0.00,0,0,0,0,0,0
104,"2025-08-16 16:31:50.55",Lathe,Machine,"Rotor TK4",2021404,0,id,0,7.21,18,0,0,0,0,0
105,"2025-08-16 16:32:31.39",Lathe,Machine,"Rotor TK1",089-138,0,id,0,0.00,0,0,0,0,0,0
106,"2025-08-16 16:32:31.39",Lathe,Machine,"Rotor TK4",2021404,0,id,0,0.00,0,0,0,0,0,0
107,"2025-08-16 16:32:45.01",Lathe,Machine,"Rotor TK1",089-138,0,id,0,0.00,0,0,0,0,0,0
108,"2025-08-16 16:32:45.33",Lathe,Machine,"Rotor TK1",089-138,0,id,0,0.00,0,0,0,0,0,0
109,"2025-08-16 16:32:46.22",Lathe,Machine,"Rotor TK1",089-138,0,id,0,0.00,0,0,0,0,0,0
110,"2025-08-16 16:32:52.34",Lathe,Machine,"Rotor TK4",2021404,0,id,0,0.00,0,0,0,0,0,0
111,"2025-08-16 16:32:52.67",Lathe,Machine,"Rotor TK1",089-138,0,id,1,110.52,14,0,0,0,0,0
112,"2025-08-16 16:33:26.47",Lathe,Machine,"Rotor TK4",2021404,0,id,0,0.00,0,0,0,0,0,0
113,"2025-08-16 16:33:27.44",Lathe,Machine,"Rotor TK4",2021404,0,id,0,0.00,0,0,0,0,0,0
114,"2025-08-16 16:33:33.38",Lathe,Machine,"Rotor TK4",2021404,0,id,1,110.04,18,0,0,0,0,0
115,"2025-08-16 16:34:09.16",Lathe,Machine,"Rotor TK1",089-138,0,id,0,0.00,0,0,0,0,0,0
116,"2025-08-16 16:34:28.20",Lathe,Machine,"Rotor TK1",089-138,0,id,0,0.00,0,0,0,0,0,0
117,"2025-08-16 16:34:29.20",Lathe,Machine,"Rotor TK1",089-138,0,id,0,0.00,0,0,0,0,0,0
118,"2025-08-16 16:34:35.39",Lathe,Machine,"Rotor TK4",2021404,0,id,0,0.00,0,0,0,0,0,0
119,"2025-08-16 16:34:35.69",Lathe,Machine,"Rotor TK1",089-138,0,id,1,103.02,15,0,0,0,0,0
120,"2025-08-16 16:35:09.26",Lathe,Machine,"Rotor TK4",2021404,0,id,0,0.00,0,0,0,0,0,0
121,"2025-08-16 16:35:10.24",Lathe,Machine,"Rotor TK4",2021404,0,id,0,0.00,0,0,0,0,0,0
122,"2025-08-16 16:35:10.55",Lathe,Machine,"Rotor TK4",2021404,0,id,0,0.00,0,0,0,0,0,0
123,"2025-08-16 16:35:16.17",Lathe,Machine,"Rotor TK4",2021404,0,id,1,102.79,19,0,0,0,0,0
124,"2025-08-16 16:35:51.97",Lathe,Machine,"Rotor TK1",089-138,0,id,0,0.00,0,0,0,0,0,0
125,"2025-08-16 16:36:10.88",Lathe,Machine,"Rotor TK1",089-138,0,id,0,0.00,0,0,0,0,0,0
126,"2025-08-16 16:36:11.75",Lathe,Machine,"Rotor TK1",089-138,0,id,0,0.00,0,0,0,0,0,0
127,"2025-08-16 16:36:18.00",Lathe,Machine,"Rotor TK4",2021404,0,id,0,0.00,0,0,0,0,0,0
128,"2025-08-16 16:36:18.32",Lathe,Machine,"Rotor TK1",089-138,0,id,1,102.63,16,0,0,0,0,0
129,"2025-08-16 16:36:52.12",Lathe,Machine,"Rotor TK4",2021404,0,id,0,0.00,0,0,0,0,0,0
130,"2025-08-16 16:36:53.01",Lathe,Machine,"Rotor TK4",2021404,0,id,0,0.00,0,0,0,0,0,0
131,"2025-08-16 16:36:59.11",Lathe,Machine,"Rotor TK4",2021404,0,id,1,102.94,20,0,0,0,0,0
132,"2025-08-16 16:37:34.65",Lathe,Machine,"Rotor TK1",089-138,0,id,0,0.00,0,0,0,0,0,0
133,"2025-08-16 16:37:55.95",Lathe,Machine,"Rotor TK1",089-138,0,id,1,97.63,17,0,0,0,0,0
134,"2025-08-16 16:38:01.02",Lathe,Machine,"Rotor TK4",2021404,0,id,0,0.00,0,0,0,0,0,0
135,"2025-08-16 16:40:19.11",Lathe,Machine,"Rotor TK1",089-138,0,id,0,0.00,0,0,0,0,0,0
136,"2025-08-16 16:40:19.11",Lathe,Machine,"Rotor TK4",2021404,0,id,0,0.00,0,0,0,0,0,0
137,"2025-08-16 16:40:48.56",Lathe,Machine,"Rotor TK1",089-138,0,id,0,0.00,0,0,0,0,0,0
138,"2025-08-16 16:41:06.97",Lathe,Machine,"Rotor TK1",089-138,0,id,0,0.00,0,0,0,0,0,0
139,"2025-08-16 16:41:07.33",Lathe,Machine,"Rotor TK1",089-138,0,id,0,0.00,0,0,0,0,0,0
140,"2025-08-16 16:41:08.01",Lathe,Machine,"Rotor TK1",089-138,0,id,0,0.00,0,0,0,0,0,0
141,"2025-08-16 16:41:13.70",Lathe,Machine,"Rotor TK4",2021404,0,id,0,0.00,0,0,0,0,0,0
142,"2025-08-16 16:41:14.62",Lathe,Machine,"Rotor TK1",089-138,0,id,1,198.67,18,0,0,0,0,0
143,"2025-08-16 16:41:48.32",Lathe,Machine,"Rotor TK4",2021404,0,id,0,0.00,0,0,0,0,0,0
144,"2025-08-16 16:41:49.30",Lathe,Machine,"Rotor TK4",2021404,0,id,0,0.00,0,0,0,0,0,0
145,"2025-08-16 16:41:55.10",Lathe,Machine,"Rotor TK4",2021404,0,id,1,295.99,21,0,0,0,0,0
146,"2025-08-16 16:42:31.06",Lathe,Machine,"Rotor TK1",089-138,0,id,0,0.00,0,0,0,0,0,0
147,"2025-08-16 16:42:49.74",Lathe,Machine,"Rotor TK1",089-138,0,id,0,0.00,0,0,0,0,0,0
148,"2025-08-16 16:42:50.96",Lathe,Machine,"Rotor TK1",089-138,0,id,0,0.00,0,0,0,0,0,0
149,"2025-08-16 16:42:57.07",Lathe,Machine,"Rotor TK4",2021404,0,id,0,0.00,0,0,0,0,0,0
150,"2025-08-16 16:42:57.39",Lathe,Machine,"Rotor TK1",089-138,0,id,1,102.77,19,0,0,0,0,0
151,"2025-08-16 16:43:30.99",Lathe,Machine,"Rotor TK4",2021404,0,id,0,0.00,0,0,0,0,0,0
152,"2025-08-16 16:43:31.90",Lathe,Machine,"Rotor TK4",2021404,0,id,0,0.00,0,0,0,0,0,0
153,"2025-08-16 16:43:37.96",Lathe,Machine,"Rotor TK4",2021404,0,id,1,102.86,22,0,0,0,0,0
154,"2025-08-16 16:44:13.67",Lathe,Machine,"Rotor TK1",089-138,0,id,0,0.00,0,0,0,0,0,0
155,"2025-08-16 16:44:32.42",Lathe,Machine,"Rotor TK1",089-138,0,id,0,0.00,0,0,0,0,0,0
156,"2025-08-16 16:44:34.44",Lathe,Machine,"Rotor TK1",089-138,0,id,0,0.00,0,0,0,0,0,0
157,"2025-08-16 16:44:39.62",Lathe,Machine,"Rotor TK4",2021404,0,id,0,0.00,0,0,0,0,0,0
158,"2025-08-16 16:44:39.95",Lathe,Machine,"Rotor TK1",089-138,0,id,1,102.56,20,0,0,0,0,0
159,"2025-08-16 16:45:13.54",Lathe,Machine,"Rotor TK4",2021404,0,id,0,0.00,0,0,0,0,0,0
160,"2025-08-16 16:45:14.45",Lathe,Machine,"Rotor TK4",2021404,0,id,0,0.00,0,0,0,0,0,0
161,"2025-08-16 16:45:20.55",Lathe,Machine,"Rotor TK4",2021404,0,id,1,102.59,23,0,0,0,0,0
162,"2025-08-16 16:45:57.37",Lathe,Machine,"Rotor TK1",089-138,0,id,0,0.00,0,0,0,0,0,0
163,"2025-08-16 16:46:16.08",Lathe,Machine,"Rotor TK1",089-138,0,id,0,0.00,0,0,0,0,0,0
164,"2025-08-16 16:46:17.88",Lathe,Machine,"Rotor TK1",089-138,0,id,0,0.00,0,0,0,0,0,0
165,"2025-08-16 16:46:22.35",Lathe,Machine,"Rotor TK4",2021404,0,id,0,0.00,0,0,0,0,0,0
166,"2025-08-16 16:46:23.57",Lathe,Machine,"Rotor TK1",089-138,0,id,1,103.62,21,0,0,0,0,0
167,"2025-08-16 16:46:35.42",Lathe,Machine,"Rotor TK4",2021404,0,id,0,0.00,0,0,0,0,0,0
168,"2025-08-16 16:47:40.85",Lathe,Machine,"Rotor TK1",089-138,0,id,0,0.00,0,0,0,0,0,0
169,"2025-08-16 16:47:54.89",Lathe,Machine,"Rotor TK4",2021404,0,id,0,0.00,0,0,0,0,0,0
170,"2025-08-16 16:49:54.04",Lathe,Machine,"Rotor TK4",2021404,0,id,0,0.00,0,0,0,0,0,0
171,"2025-08-16 16:49:55.23",Lathe,Machine,"Rotor TK4",2021404,0,id,0,0.00,0,0,0,0,0,0
172,"2025-08-16 16:50:00.86",Lathe,Machine,"Rotor TK4",2021404,0,id,1,280.31,24,0,0,0,0,0
173,"2025-08-16 16:50:36.93",Lathe,Machine,"Rotor TK1",089-138,0,id,0,0.00,0,0,0,0,0,0
174,"2025-08-16 16:50:37.86",Lathe,Machine,"Rotor TK1",089-138,0,id,0,0.00,0,0,0,0,0,0
175,"2025-08-16 16:50:44.43",Lathe,Machine,"Rotor TK1",089-138,0,id,1,260.86,22,0,0,0,0,0
176,"2025-08-16 16:51:03.04",Lathe,Machine,"Rotor TK4",2021404,0,id,0,0.00,0,0,0,0,0,0
177,"2025-08-16 16:51:20.30",Lathe,Machine,"Rotor TK4",2021404,0,id,0,0.00,0,0,0,0,0,0
178,"2025-08-16 16:51:21.20",Lathe,Machine,"Rotor TK4",2021404,0,id,0,0.00,0,0,0,0,0,0
179,"2025-08-16 16:51:27.12",Lathe,Machine,"Rotor TK4",2021404,0,id,1,86.26,25,0,0,0,0,0
180,"2025-08-16 16:52:00.63",Lathe,Machine,"Rotor TK1",089-138,0,id,0,0.00,0,0,0,0,0,0
181,"2025-08-16 16:52:19.66",Lathe,Machine,"Rotor TK1",089-138,0,id,0,0.00,0,0,0,0,0,0
182,"2025-08-16 16:52:20.60",Lathe,Machine,"Rotor TK1",089-138,0,id,0,0.00,0,0,0,0,0,0
183,"2025-08-16 16:52:27.15",Lathe,Machine,"Rotor TK1",089-138,0,id,1,102.72,23,0,0,0,0,0
184,"2025-08-16 16:52:29.15",Lathe,Machine,"Rotor TK4",2021404,0,id,0,0.00,0,0,0,0,0,0
185,"2025-08-16 16:53:00.73",Lathe,Machine,"Rotor TK4",2021404,0,id,0,0.00,0,0,0,0,0,0
186,"2025-08-16 16:53:01.66",Lathe,Machine,"Rotor TK4",2021404,0,id,0,0.00,0,0,0,0,0,0
187,"2025-08-16 16:53:07.61",Lathe,Machine,"Rotor TK4",2021404,0,id,1,100.49,26,0,0,0,0,0
188,"2025-08-16 16:53:43.45",Lathe,Machine,"Rotor TK1",089-138,0,id,0,0.00,0,0,0,0,0,0
189,"2025-08-16 16:54:03.07",Lathe,Machine,"Rotor TK1",089-138,0,id,0,0.00,0,0,0,0,0,0
190,"2025-08-16 16:54:03.99",Lathe,Machine,"Rotor TK1",089-138,0,id,0,0.00,0,0,0,0,0,0
191,"2025-08-16 16:54:09.29",Lathe,Machine,"Rotor TK4",2021404,0,id,0,0.00,0,0,0,0,0,0
192,"2025-08-16 16:54:10.53",Lathe,Machine,"Rotor TK1",089-138,0,id,1,103.38,24,0,0,0,0,0
193,"2025-08-16 16:54:44.12",Lathe,Machine,"Rotor TK4",2021404,0,id,0,0.00,0,0,0,0,0,0
194,"2025-08-16 16:54:45.05",Lathe,Machine,"Rotor TK4",2021404,0,id,0,0.00,0,0,0,0,0,0
195,"2025-08-16 16:54:50.73",Lathe,Machine,"Rotor TK4",2021404,0,id,1,103.12,27,0,0,0,0,0
196,"2025-08-16 16:55:26.94",Lathe,Machine,"Rotor TK1",089-138,0,id,0,0.00,0,0,0,0,0,0
197,"2025-08-16 16:55:46.34",Lathe,Machine,"Rotor TK1",089-138,0,id,0,0.00,0,0,0,0,0,0
198,"2025-08-16 16:55:47.53",Lathe,Machine,"Rotor TK1",089-138,0,id,0,0.00,0,0,0,0,0,0
199,"2025-08-16 16:55:52.90",Lathe,Machine,"Rotor TK4",2021404,0,id,0,0.00,0,0,0,0,0,0
200,"2025-08-16 16:55:53.82",Lathe,Machine,"Rotor TK1",089-138,0,id,1,103.29,25,0,0,0,0,0
201,"2025-08-16 16:56:27.39",Lathe,Machine,"Rotor TK4",2021404,0,id,0,0.00,0,0,0,0,0,0
202,"2025-08-16 16:56:28.34",Lathe,Machine,"Rotor TK4",2021404,0,id,0,0.00,0,0,0,0,0,0
203,"2025-08-16 16:56:28.66",Lathe,Machine,"Rotor TK4",2021404,0,id,0,0.00,0,0,0,0,0,0
204,"2025-08-16 16:56:34.11",Lathe,Machine,"Rotor TK4",2021404,0,id,1,103.38,28,0,0,0,0,0
205,"2025-08-16 16:57:10.44",Lathe,Machine,"Rotor TK1",089-138,0,id,0,0.00,0,0,0,0,0,0
206,"2025-08-16 16:57:29.74",Lathe,Machine,"Rotor TK1",089-138,0,id,0,0.00,0,0,0,0,0,0
207,"2025-08-16 16:57:30.64",Lathe,Machine,"Rotor TK1",089-138,0,id,0,0.00,0,0,0,0,0,0
208,"2025-08-16 16:57:36.15",Lathe,Machine,"Rotor TK4",2021404,0,id,0,0.00,0,0,0,0,0,0
209,"2025-08-16 16:57:37.12",Lathe,Machine,"Rotor TK1",089-138,0,id,1,103.30,26,0,0,0,0,0
210,"2025-08-16 16:58:10.80",Lathe,Machine,"Rotor TK4",2021404,0,id,0,0.00,0,0,0,0,0,0
211,"2025-08-16 16:58:11.81",Lathe,Machine,"Rotor TK4",2021404,0,id,0,0.00,0,0,0,0,0,0
212,"2025-08-16 16:58:17.63",Lathe,Machine,"Rotor TK4",2021404,0,id,1,103.52,29,0,0,0,0,0
213,"2025-08-16 16:58:53.88",Lathe,Machine,"Rotor TK1",089-138,0,id,0,0.00,0,0,0,0,0,0
214,"2025-08-16 16:59:13.27",Lathe,Machine,"Rotor TK1",089-138,0,id,0,0.00,0,0,0,0,0,0
215,"2025-08-16 16:59:14.23",Lathe,Machine,"Rotor TK1",089-138,0,id,0,0.00,0,0,0,0,0,0
216,"2025-08-16 16:59:19.76",Lathe,Machine,"Rotor TK4",2021404,0,id,0,0.00,0,0,0,0,0,0
217,"2025-08-16 16:59:20.38",Lathe,Machine,"Rotor TK1",089-138,0,id,1,103.26,27,0,0,0,0,0
218,"2025-08-16 16:59:54.22",Lathe,Machine,"Rotor TK4",2021404,0,id,0,0.00,0,0,0,0,0,0
219,"2025-08-16 16:59:55.19",Lathe,Machine,"Rotor TK4",2021404,0,id,0,0.00,0,0,0,0,0,0
220,"2025-08-16 17:00:00.95",Lathe,Machine,"Rotor TK4",2021404,0,id,1,103.32,30,0,0,0,0,0
221,"2025-08-16 17:00:37.17",Lathe,Machine,"Rotor TK1",089-138,0,id,0,0.00,0,0,0,0,0,0
222,"2025-08-16 17:00:56.32",Lathe,Machine,"Rotor TK1",089-138,0,id,0,0.00,0,0,0,0,0,0
223,"2025-08-16 17:00:57.28",Lathe,Machine,"Rotor TK1",089-138,0,id,0,0.00,0,0,0,0,0,0
224,"2025-08-16 17:01:02.87",Lathe,Machine,"Rotor TK4",2021404,0,id,0,0.00,0,0,0,0,0,0
225,"2025-08-16 17:01:03.80",Lathe,Machine,"Rotor TK1",089-138,0,id,1,103.42,28,0,0,0,0,0
226,"2025-08-16 17:01:37.44",Lathe,Machine,"Rotor TK4",2021404,0,id,0,0.00,0,0,0,0,0,0
227,"2025-08-16 17:01:38.40",Lathe,Machine,"Rotor TK4",2021404,0,id,0,0.00,0,0,0,0,0,0
228,"2025-08-16 17:01:43.89",Lathe,Machine,"Rotor TK4",2021404,0,id,1,102.94,31,0,0,0,0,0
229,"2025-08-16 17:02:20.39",Lathe,Machine,"Rotor TK1",089-138,0,id,0,0.00,0,0,0,0,0,0
230,"2025-08-16 17:02:39.76",Lathe,Machine,"Rotor TK1",089-138,0,id,0,0.00,0,0,0,0,0,0
231,"2025-08-16 17:02:40.74",Lathe,Machine,"Rotor TK1",089-138,0,id,0,0.00,0,0,0,0,0,0
232,"2025-08-16 17:02:46.32",Lathe,Machine,"Rotor TK4",2021404,0,id,0,0.00,0,0,0,0,0,0
233,"2025-08-16 17:02:46.93",Lathe,Machine,"Rotor TK1",089-138,0,id,1,103.13,29,0,0,0,0,0
234,"2025-08-16 17:03:20.55",Lathe,Machine,"Rotor TK4",2021404,0,id,0,0.00,0,0,0,0,0,0
235,"2025-08-16 17:03:21.54",Lathe,Machine,"Rotor TK4",2021404,0,id,0,0.00,0,0,0,0,0,0
236,"2025-08-16 17:03:27.33",Lathe,Machine,"Rotor TK4",2021404,0,id,1,103.44,32,0,0,0,0,0
237,"2025-08-16 17:04:03.73",Lathe,Machine,"Rotor TK1",089-138,0,id,0,0.00,0,0,0,0,0,0
238,"2025-08-16 17:04:22.80",Lathe,Machine,"Rotor TK1",089-138,0,id,0,0.00,0,0,0,0,0,0
239,"2025-08-16 17:04:23.81",Lathe,Machine,"Rotor TK1",089-138,0,id,0,0.00,0,0,0,0,0,0
240,"2025-08-16 17:04:29.21",Lathe,Machine,"Rotor TK4",2021404,0,id,0,0.00,0,0,0,0,0,0
241,"2025-08-16 17:04:30.10",Lathe,Machine,"Rotor TK1",089-138,0,id,1,103.17,30,0,0,0,0,0
242,"2025-08-16 17:05:03.49",Lathe,Machine,"Rotor TK4",2021404,0,id,0,0.00,0,0,0,0,0,0
243,"2025-08-16 17:05:04.67",Lathe,Machine,"Rotor TK4",2021404,0,id,0,0.00,0,0,0,0,0,0
244,"2025-08-16 17:05:10.18",Lathe,Machine,"Rotor TK4",2021404,0,id,1,102.85,33,0,0,0,0,0
245,"2025-08-16 17:05:46.70",Lathe,Machine,"Rotor TK1",089-138,0,id,0,0.00,0,0,0,0,0,0
246,"2025-08-16 17:06:05.95",Lathe,Machine,"Rotor TK1",089-138,0,id,0,0.00,0,0,0,0,0,0
247,"2025-08-16 17:06:06.87",Lathe,Machine,"Rotor TK1",089-138,0,id,0,0.00,0,0,0,0,0,0
248,"2025-08-16 17:06:12.52",Lathe,Machine,"Rotor TK4",2021404,0,id,0,0.00,0,0,0,0,0,0
249,"2025-08-16 17:06:13.15",Lathe,Machine,"Rotor TK1",089-138,0,id,1,103.05,31,0,0,0,0,0
250,"2025-08-16 17:06:46.83",Lathe,Machine,"Rotor TK4",2021404,0,id,0,0.00,0,0,0,0,0,0
251,"2025-08-16 17:06:47.80",Lathe,Machine,"Rotor TK4",2021404,0,id,0,0.00,0,0,0,0,0,0
252,"2025-08-16 17:06:53.31",Lathe,Machine,"Rotor TK4",2021404,0,id,1,103.13,34,0,0,0,0,0
253,"2025-08-16 17:07:29.89",Lathe,Machine,"Rotor TK1",089-138,0,id,0,0.00,0,0,0,0,0,0
254,"2025-08-16 17:07:48.86",Lathe,Machine,"Rotor TK1",089-138,0,id,0,0.00,0,0,0,0,0,0
255,"2025-08-16 17:07:50.09",Lathe,Machine,"Rotor TK1",089-138,0,id,0,0.00,0,0,0,0,0,0
256,"2025-08-16 17:07:55.69",Lathe,Machine,"Rotor TK4",2021404,0,id,0,0.00,0,0,0,0,0,0
257,"2025-08-16 17:07:56.31",Lathe,Machine,"Rotor TK1",089-138,0,id,1,103.16,32,0,0,0,0,0
258,"2025-08-16 17:08:29.67",Lathe,Machine,"Rotor TK4",2021404,0,id,0,0.00,0,0,0,0,0,0
259,"2025-08-16 17:08:30.58",Lathe,Machine,"Rotor TK4",2021404,0,id,0,0.00,0,0,0,0,0,0
260,"2025-08-16 17:08:30.88",Lathe,Machine,"Rotor TK4",2021404,0,id,0,0.00,0,0,0,0,0,0
261,"2025-08-16 17:08:36.33",Lathe,Machine,"Rotor TK4",2021404,0,id,1,103.02,35,0,0,0,0,0
262,"2025-08-16 17:09:12.83",Lathe,Machine,"Rotor TK1",089-138,0,id,0,0.00,0,0,0,0,0,0
263,"2025-08-16 17:09:31.97",Lathe,Machine,"Rotor TK1",089-138,0,id,0,0.00,0,0,0,0,0,0
264,"2025-08-16 17:09:32.97",Lathe,Machine,"Rotor TK1",089-138,0,id,0,0.00,0,0,0,0,0,0
265,"2025-08-16 17:09:38.48",Lathe,Machine,"Rotor TK4",2021404,0,id,0,0.00,0,0,0,0,0,0
266,"2025-08-16 17:09:39.07",Lathe,Machine,"Rotor TK1",089-138,0,id,1,102.76,33,0,0,0,0,0
267,"2025-08-16 17:10:13.65",Lathe,Machine,"Rotor TK4",2021404,0,id,1,97.32,36,0,0,0,0,0
268,"2025-08-16 17:10:55.81",Lathe,Machine,"Rotor TK1",089-138,0,id,0,0.00,0,0,0,0,0,0
269,"2025-08-16 17:11:15.16",Lathe,Machine,"Rotor TK1",089-138,0,id,0,0.00,0,0,0,0,0,0
270,"2025-08-16 17:11:15.45",Lathe,Machine,"Rotor TK1",089-138,0,id,0,0.00,0,0,0,0,0,0
271,"2025-08-16 17:11:17.23",Lathe,Machine,"Rotor TK1",089-138,0,id,0,0.00,0,0,0,0,0,0
272,"2025-08-16 17:11:30.09",Lathe,Machine,"Rotor TK4",2021404,0,id,0,0.00,0,0,0,0,0,0
273,"2025-08-16 17:11:32.74",Lathe,Machine,"Rotor TK4",2021404,0,id,0,0.00,0,0,0,0,0,0
274,"2025-08-16 17:11:33.08",Lathe,Machine,"Rotor TK4",2021404,0,id,0,0.00,0,0,0,0,0,0
275,"2025-08-16 17:12:24.51",Lathe,Machine,"Rotor TK1",089-138,0,id,1,165.44,34,0,0,0,0,0
276,"2025-08-16 17:12:40.14",Lathe,Machine,"Rotor TK1",089-138,0,id,0,0.00,0,0,0,0,0,0
277,"2025-08-16 17:12:40.75",Lathe,Machine,"Rotor TK4",2021404,0,id,0,0.00,0,0,0,0,0,0
278,"2025-08-16 17:12:58.19",Lathe,Machine,"Rotor TK4",2021404,0,id,0,0.00,0,0,0,0,0,0
279,"2025-08-16 17:12:59.11",Lathe,Machine,"Rotor TK4",2021404,0,id,0,0.00,0,0,0,0,0,0
280,"2025-08-16 17:13:04.59",Lathe,Machine,"Rotor TK4",2021404,0,id,1,170.94,37,0,0,0,0,0
281,"2025-08-16 17:13:40.81",Lathe,Machine,"Rotor TK1",089-138,0,id,0,0.00,0,0,0,0,0,0
282,"2025-08-16 17:13:41.78",Lathe,Machine,"Rotor TK1",089-138,0,id,0,0.00,0,0,0,0,0,0
283,"2025-08-16 17:13:48.04",Lathe,Machine,"Rotor TK1",089-138,0,id,1,83.53,35,0,0,0,0,0
284,"2025-08-16 17:14:06.90",Lathe,Machine,"Rotor TK4",2021404,0,id,0,0.00,0,0,0,0,0,0
285,"2025-08-16 17:14:23.68",Lathe,Machine,"Rotor TK4",2021404,0,id,0,0.00,0,0,0,0,0,0
286,"2025-08-16 17:14:24.69",Lathe,Machine,"Rotor TK4",2021404,0,id,0,0.00,0,0,0,0,0,0
287,"2025-08-16 17:14:30.11",Lathe,Machine,"Rotor TK4",2021404,0,id,1,85.52,38,0,0,0,0,0
288,"2025-08-16 17:15:04.67",Lathe,Machine,"Rotor TK1",089-138,0,id,0,0.00,0,0,0,0,0,0
289,"2025-08-16 17:15:23.76",Lathe,Machine,"Rotor TK1",089-138,0,id,0,0.00,0,0,0,0,0,0
290,"2025-08-16 17:15:24.66",Lathe,Machine,"Rotor TK1",089-138,0,id,0,0.00,0,0,0,0,0,0
291,"2025-08-16 17:15:30.73",Lathe,Machine,"Rotor TK1",089-138,0,id,1,102.69,36,0,0,0,0,0
292,"2025-08-16 17:15:32.27",Lathe,Machine,"Rotor TK4",2021404,0,id,0,0.00,0,0,0,0,0,0
293,"2025-08-16 17:16:04.40",Lathe,Machine,"Rotor TK4",2021404,0,id,0,0.00,0,0,0,0,0,0
294,"2025-08-16 17:16:05.39",Lathe,Machine,"Rotor TK4",2021404,0,id,0,0.00,0,0,0,0,0,0
295,"2025-08-16 17:16:10.79",Lathe,Machine,"Rotor TK4",2021404,0,id,1,100.68,39,0,0,0,0,0
296,"2025-08-16 17:16:47.81",Lathe,Machine,"Rotor TK1",089-138,0,id,0,0.00,0,0,0,0,0,0
297,"2025-08-16 17:17:06.62",Lathe,Machine,"Rotor TK1",089-138,0,id,0,0.00,0,0,0,0,0,0
298,"2025-08-16 17:17:07.56",Lathe,Machine,"Rotor TK1",089-138,0,id,0,0.00,0,0,0,0,0,0
299,"2025-08-16 17:17:13.03",Lathe,Machine,"Rotor TK4",2021404,0,id,0,0.00,0,0,0,0,0,0
300,"2025-08-16 17:17:13.63",Lathe,Machine,"Rotor TK1",089-138,0,id,1,102.90,37,0,0,0,0,0
301,"2025-08-16 17:17:47.21",Lathe,Machine,"Rotor TK4",2021404,0,id,0,0.00,0,0,0,0,0,0
302,"2025-08-16 17:17:48.12",Lathe,Machine,"Rotor TK4",2021404,0,id,0,0.00,0,0,0,0,0,0
303,"2025-08-16 17:17:48.43",Lathe,Machine,"Rotor TK4",2021404,0,id,0,0.00,0,0,0,0,0,0
304,"2025-08-16 17:17:53.69",Lathe,Machine,"Rotor TK4",2021404,0,id,1,102.90,40,0,0,0,0,0
305,"2025-08-16 17:18:30.49",Lathe,Machine,"Rotor TK1",089-138,0,id,0,0.00,0,0,0,0,0,0
306,"2025-08-16 17:18:49.17",Lathe,Machine,"Rotor TK1",089-138,0,id,0,0.00,0,0,0,0,0,0
307,"2025-08-16 17:18:50.38",Lathe,Machine,"Rotor TK1",089-138,0,id,0,0.00,0,0,0,0,0,0
308,"2025-08-16 17:18:56.09",Lathe,Machine,"Rotor TK4",2021404,0,id,0,0.00,0,0,0,0,0,0
309,"2025-08-16 17:18:56.39",Lathe,Machine,"Rotor TK1",089-138,0,id,1,102.76,38,0,0,0,0,0
310,"2025-08-16 17:19:29.84",Lathe,Machine,"Rotor TK4",2021404,0,id,0,0.00,0,0,0,0,0,0
311,"2025-08-16 17:19:31.95",Lathe,Machine,"Rotor TK4",2021404,0,id,0,0.00,0,0,0,0,0,0
312,"2025-08-16 17:19:36.44",Lathe,Machine,"Rotor TK4",2021404,0,id,1,102.75,41,0,0,0,0,0
313,"2025-08-16 17:20:13.15",Lathe,Machine,"Rotor TK1",089-138,0,id,0,0.00,0,0,0,0,0,0
314,"2025-08-16 17:20:31.99",Lathe,Machine,"Rotor TK1",089-138,0,id,0,0.00,0,0,0,0,0,0
315,"2025-08-16 17:20:32.92",Lathe,Machine,"Rotor TK1",089-138,0,id,0,0.00,0,0,0,0,0,0
316,"2025-08-16 17:20:38.95",Lathe,Machine,"Rotor TK1",089-138,0,id,1,102.56,39,0,0,0,0,0
317,"2025-08-16 17:20:39.57",Lathe,Machine,"Rotor TK4",2021404,0,id,0,0.00,0,0,0,0,0,0
318,"2025-08-16 17:21:12.56",Lathe,Machine,"Rotor TK4",2021404,0,id,0,0.00,0,0,0,0,0,0
319,"2025-08-16 17:21:13.60",Lathe,Machine,"Rotor TK4",2021404,0,id,0,0.00,0,0,0,0,0,0
320,"2025-08-16 17:21:13.93",Lathe,Machine,"Rotor TK4",2021404,0,id,0,0.00,0,0,0,0,0,0
321,"2025-08-16 17:21:19.10",Lathe,Machine,"Rotor TK4",2021404,0,id,1,102.66,42,0,0,0,0,0
322,"2025-08-16 17:21:55.83",Lathe,Machine,"Rotor TK1",089-138,0,id,0,0.00,0,0,0,0,0,0
323,"2025-08-16 17:22:14.77",Lathe,Machine,"Rotor TK1",089-138,0,id,0,0.00,0,0,0,0,0,0
324,"2025-08-16 17:22:15.74",Lathe,Machine,"Rotor TK1",089-138,0,id,0,0.00,0,0,0,0,0,0
325,"2025-08-16 17:22:21.60",Lathe,Machine,"Rotor TK4",2021404,0,id,0,0.00,0,0,0,0,0,0
326,"2025-08-16 17:22:21.91",Lathe,Machine,"Rotor TK1",089-138,0,id,1,102.96,40,0,0,0,0,0
327,"2025-08-16 17:22:55.24",Lathe,Machine,"Rotor TK4",2021404,0,id,0,0.00,0,0,0,0,0,0
328,"2025-08-16 17:22:56.43",Lathe,Machine,"Rotor TK4",2021404,0,id,0,0.00,0,0,0,0,0,0
329,"2025-08-16 17:23:01.75",Lathe,Machine,"Rotor TK4",2021404,0,id,1,102.65,43,0,0,0,0,0
330,"2025-08-16 17:23:38.64",Lathe,Machine,"Rotor TK1",089-138,0,id,0,0.00,0,0,0,0,0,0
331,"2025-08-16 17:23:57.51",Lathe,Machine,"Rotor TK1",089-138,0,id,0,0.00,0,0,0,0,0,0
332,"2025-08-16 17:23:58.44",Lathe,Machine,"Rotor TK1",089-138,0,id,0,0.00,0,0,0,0,0,0
333,"2025-08-16 17:24:04.27",Lathe,Machine,"Rotor TK4",2021404,0,id,0,0.00,0,0,0,0,0,0
334,"2025-08-16 17:24:04.58",Lathe,Machine,"Rotor TK1",089-138,0,id,1,102.67,41,0,0,0,0,0
335,"2025-08-16 17:24:38.03",Lathe,Machine,"Rotor TK4",2021404,0,id,0,0.00,0,0,0,0,0,0
336,"2025-08-16 17:24:39.07",Lathe,Machine,"Rotor TK4",2021404,0,id,0,0.00,0,0,0,0,0,0
337,"2025-08-16 17:24:44.44",Lathe,Machine,"Rotor TK4",2021404,0,id,1,102.69,44,0,0,0,0,0
338,"2025-08-16 17:25:21.46",Lathe,Machine,"Rotor TK1",089-138,0,id,0,0.00,0,0,0,0,0,0
339,"2025-08-16 17:25:39.87",Lathe,Machine,"Rotor TK1",089-138,0,id,0,0.00,0,0,0,0,0,0
340,"2025-08-16 17:25:40.18",Lathe,Machine,"Rotor TK1",089-138,0,id,0,0.00,0,0,0,0,0,0
341,"2025-08-16 17:25:41.07",Lathe,Machine,"Rotor TK1",089-138,0,id,0,0.00,0,0,0,0,0,0
342,"2025-08-16 17:25:46.69",Lathe,Machine,"Rotor TK4",2021404,0,id,0,0.00,0,0,0,0,0,0
343,"2025-08-16 17:25:47.01",Lathe,Machine,"Rotor TK1",089-138,0,id,1,102.43,42,0,0,0,0,0
344,"2025-08-16 17:26:20.45",Lathe,Machine,"Rotor TK4",2021404,0,id,0,0.00,0,0,0,0,0,0
345,"2025-08-16 17:26:21.68",Lathe,Machine,"Rotor TK4",2021404,0,id,0,0.00,0,0,0,0,0,0
346,"2025-08-16 17:26:26.99",Lathe,Machine,"Rotor TK4",2021404,0,id,1,102.55,45,0,0,0,0,0
347,"2025-08-16 17:27:04.05",Lathe,Machine,"Rotor TK1",089-138,0,id,0,0.00,0,0,0,0,0,0
348,"2025-08-16 17:27:22.65",Lathe,Machine,"Rotor TK1",089-138,0,id,0,0.00,0,0,0,0,0,0
349,"2025-08-16 17:27:23.57",Lathe,Machine,"Rotor TK1",089-138,0,id,0,0.00,0,0,0,0,0,0
350,"2025-08-16 17:27:29.36",Lathe,Machine,"Rotor TK4",2021404,0,id,0,0.00,0,0,0,0,0,0
351,"2025-08-16 17:27:29.65",Lathe,Machine,"Rotor TK1",089-138,0,id,1,102.64,43,0,0,0,0,0
352,"2025-08-16 17:28:03.13",Lathe,Machine,"Rotor TK4",2021404,0,id,0,0.00,0,0,0,0,0,0
353,"2025-08-16 17:28:04.10",Lathe,Machine,"Rotor TK4",2021404,0,id,0,0.00,0,0,0,0,0,0
354,"2025-08-16 17:28:04.42",Lathe,Machine,"Rotor TK4",2021404,0,id,0,0.00,0,0,0,0,0,0
355,"2025-08-16 17:28:10.63",Lathe,Machine,"Rotor TK4",2021404,0,id,1,103.64,46,0,0,0,0,0
356,"2025-08-16 17:28:46.59",Lathe,Machine,"Rotor TK1",089-138,0,id,0,0.00,0,0,0,0,0,0
357,"2025-08-16 17:29:06.04",Lathe,Machine,"Rotor TK1",089-138,0,id,0,0.00,0,0,0,0,0,0
358,"2025-08-16 17:29:06.98",Lathe,Machine,"Rotor TK1",089-138,0,id,0,0.00,0,0,0,0,0,0
359,"2025-08-16 17:29:12.28",Lathe,Machine,"Rotor TK4",2021404,0,id,0,0.00,0,0,0,0,0,0
360,"2025-08-16 17:29:13.84",Lathe,Machine,"Rotor TK1",089-138,0,id,1,104.19,44,0,0,0,0,0
361,"2025-08-16 17:29:47.57",Lathe,Machine,"Rotor TK4",2021404,0,id,0,0.00,0,0,0,0,0,0
362,"2025-08-16 17:29:49.48",Lathe,Machine,"Rotor TK4",2021404,0,id,0,0.00,0,0,0,0,0,0
363,"2025-08-16 17:29:49.79",Lathe,Machine,"Rotor TK4",2021404,0,id,0,0.00,0,0,0,0,0,0
364,"2025-08-16 17:29:54.73",Lathe,Machine,"Rotor TK4",2021404,0,id,1,104.10,47,0,0,0,0,0
365,"2025-08-16 17:30:29.84",Lathe,Machine,"Rotor TK1",089-138,0,id,0,0.00,0,0,0,0,0,0
366,"2025-08-16 17:30:49.27",Lathe,Machine,"Rotor TK1",089-138,0,id,0,0.00,0,0,0,0,0,0
367,"2025-08-16 17:30:50.54",Lathe,Machine,"Rotor TK1",089-138,0,id,0,0.00,0,0,0,0,0,0
368,"2025-08-16 17:30:57.21",Lathe,Machine,"Rotor TK1",089-138,0,id,1,103.37,45,0,0,0,0,0
369,"2025-08-16 17:30:57.51",Lathe,Machine,"Rotor TK4",2021404,0,id,0,0.00,0,0,0,0,0,0
370,"2025-08-16 17:31:30.99",Lathe,Machine,"Rotor TK4",2021404,0,id,0,0.00,0,0,0,0,0,0
371,"2025-08-16 17:31:32.93",Lathe,Machine,"Rotor TK4",2021404,0,id,0,0.00,0,0,0,0,0,0
372,"2025-08-16 17:31:33.24",Lathe,Machine,"Rotor TK4",2021404,0,id,0,0.00,0,0,0,0,0,0
373,"2025-08-16 17:31:38.26",Lathe,Machine,"Rotor TK4",2021404,0,id,1,103.53,48,0,0,0,0,0
374,"2025-08-16 17:32:13.40",Lathe,Machine,"Rotor TK1",089-138,0,id,0,0.00,0,0,0,0,0,0
375,"2025-08-16 17:32:32.66",Lathe,Machine,"Rotor TK1",089-138,0,id,0,0.00,0,0,0,0,0,0
376,"2025-08-16 17:32:33.60",Lathe,Machine,"Rotor TK1",089-138,0,id,0,0.00,0,0,0,0,0,0
377,"2025-08-16 17:32:40.75",Lathe,Machine,"Rotor TK1",089-138,0,id,1,103.54,46,0,0,0,0,0
378,"2025-08-16 17:32:40.75",Lathe,Machine,"Rotor TK4",2021404,0,id,0,0.00,0,0,0,0,0,0
379,"2025-08-16 17:33:16.15",Lathe,Machine,"Rotor TK4",2021404,0,id,1,97.89,49,0,0,0,0,0
380,"2025-08-16 17:33:56.71",Lathe,Machine,"Rotor TK1",089-138,0,id,0,0.00,0,0,0,0,0,0
381,"2025-08-16 17:34:16.12",Lathe,Machine,"Rotor TK1",089-138,0,id,0,0.00,0,0,0,0,0,0
382,"2025-08-16 17:34:17.92",Lathe,Machine,"Rotor TK1",089-138,0,id,0,0.00,0,0,0,0,0,0
383,"2025-08-16 17:34:24.03",Lathe,Machine,"Rotor TK1",089-138,0,id,1,103.28,47,0,0,0,0,0
384,"2025-08-16 17:34:35.96",Lathe,Machine,"Rotor TK4",2021404,0,id,0,0.00,0,0,0,0,0,0
385,"2025-08-16 17:34:40.14",Lathe,Machine,"Rotor TK4",2021404,0,id,0,0.00,0,0,0,0,0,0
386,"2025-08-16 17:34:43.74",Lathe,Machine,"Rotor TK4",2021404,0,id,0,0.00,0,0,0,0,0,0
387,"2025-08-16 17:35:41.04",Lathe,Machine,"Rotor TK1",089-138,0,id,0,0.00,0,0,0,0,0,0
388,"2025-08-16 17:35:51.91",Lathe,Machine,"Rotor TK4",2021404,0,id,0,0.00,0,0,0,0,0,0
389,"2025-08-16 17:36:00.47",Lathe,Machine,"Rotor TK1",089-138,0,id,0,0.00,0,0,0,0,0,0
390,"2025-08-16 17:36:01.35",Lathe,Machine,"Rotor TK1",089-138,0,id,0,0.00,0,0,0,0,0,0
391,"2025-08-16 17:36:08.28",Lathe,Machine,"Rotor TK1",089-138,0,id,1,104.25,48,0,0,0,0,0
392,"2025-08-16 17:37:24.47",Lathe,Machine,"Rotor TK1",089-138,0,id,0,0.00,0,0,0,0,0,0
393,"2025-08-16 17:37:43.34",Lathe,Machine,"Rotor TK1",089-138,0,id,0,0.00,0,0,0,0,0,0
394,"2025-08-16 17:37:44.25",Lathe,Machine,"Rotor TK1",089-138,0,id,0,0.00,0,0,0,0,0,0
395,"2025-08-16 17:37:51.32",Lathe,Machine,"Rotor TK1",089-138,0,id,1,103.04,49,0,0,0,0,0
396,"2025-08-16 17:38:24.80",Lathe,Machine,"Rotor TK4",2021404,0,id,0,0.00,0,0,0,0,0,0
397,"2025-08-16 17:38:25.81",Lathe,Machine,"Rotor TK4",2021404,0,id,0,0.00,0,0,0,0,0,0
398,"2025-08-16 17:38:32.00",Lathe,Machine,"Rotor TK4",2021404,0,id,1,315.85,50,0,0,0,0,0
399,"2025-08-16 17:39:07.32",Lathe,Machine,"Rotor TK1",089-138,0,id,0,0.00,0,0,0,0,0,0
400,"2025-08-16 17:39:26.49",Lathe,Machine,"Rotor TK1",089-138,0,id,0,0.00,0,0,0,0,0,0
401,"2025-08-16 17:39:27.41",Lathe,Machine,"Rotor TK1",089-138,0,id,0,0.00,0,0,0,0,0,0
402,"2025-08-16 17:39:34.06",Lathe,Machine,"Rotor TK4",2021404,0,id,0,0.00,0,0,0,0,0,0
403,"2025-08-16 17:39:34.35",Lathe,Machine,"Rotor TK1",089-138,0,id,1,103.03,50,0,0,0,0,0
404,"2025-08-16 17:40:07.94",Lathe,Machine,"Rotor TK4",2021404,0,id,0,0.00,0,0,0,0,0,0
405,"2025-08-16 17:40:08.86",Lathe,Machine,"Rotor TK4",2021404,0,id,0,0.00,0,0,0,0,0,0
406,"2025-08-16 17:40:15.09",Lathe,Machine,"Rotor TK4",2021404,0,id,1,103.09,51,0,0,0,0,0
407,"2025-08-16 17:40:50.67",Lathe,Machine,"Rotor TK1",089-138,0,id,0,0.00,0,0,0,0,0,0
408,"2025-08-16 17:41:09.82",Lathe,Machine,"Rotor TK1",089-138,0,id,0,0.00,0,0,0,0,0,0
409,"2025-08-16 17:41:10.71",Lathe,Machine,"Rotor TK1",089-138,0,id,0,0.00,0,0,0,0,0,0
410,"2025-08-16 17:41:16.56",Lathe,Machine,"Rotor TK4",2021404,0,id,0,0.00,0,0,0,0,0,0
411,"2025-08-16 17:41:17.53",Lathe,Machine,"Rotor TK1",089-138,0,id,1,103.18,51,0,0,0,0,0
412,"2025-08-16 17:41:51.05",Lathe,Machine,"Rotor TK4",2021404,0,id,0,0.00,0,0,0,0,0,0
413,"2025-08-16 17:41:52.08",Lathe,Machine,"Rotor TK4",2021404,0,id,0,0.00,0,0,0,0,0,0
414,"2025-08-16 17:41:58.30",Lathe,Machine,"Rotor TK4",2021404,0,id,1,103.21,52,0,0,0,0,0
415,"2025-08-16 17:42:33.56",Lathe,Machine,"Rotor TK1",089-138,0,id,0,0.00,0,0,0,0,0,0
416,"2025-08-16 17:42:52.77",Lathe,Machine,"Rotor TK1",089-138,0,id,0,0.00,0,0,0,0,0,0
417,"2025-08-16 17:42:53.68",Lathe,Machine,"Rotor TK1",089-138,0,id,0,0.00,0,0,0,0,0,0
418,"2025-08-16 17:43:00.10",Lathe,Machine,"Rotor TK4",2021404,0,id,0,0.00,0,0,0,0,0,0
419,"2025-08-16 17:43:00.40",Lathe,Machine,"Rotor TK1",089-138,0,id,1,102.87,52,0,0,0,0,0
420,"2025-08-16 17:43:41.49",Lathe,Machine,"Rotor TK4",2021404,0,id,0,0.00,0,0,0,0,0,0
421,"2025-08-16 17:43:42.49",Lathe,Machine,"Rotor TK4",2021404,0,id,0,0.00,0,0,0,1,0,0
422,"2025-08-16 17:44:16.68",Lathe,Machine,"Rotor TK1",089-138,0,id,0,0.00,0,0,0,0,0,0
423,"2025-08-16 17:47:58.33",Lathe,Machine,"Rotor TK4",2021404,0,id,0,0.00,0,0,0,0,0,0
424,"2025-08-16 17:48:01.64",Lathe,Machine,"Rotor TK4",2021404,0,id,0,0.00,0,0,0,0,0,0
425,"2025-08-16 17:48:12.04",Lathe,Machine,"Rotor TK4",2021404,0,id,0,0.00,0,0,0,0,0,0
426,"2025-08-16 17:48:14.36",Lathe,Machine,"Rotor TK4",2021404,0,id,0,0.00,0,0,0,0,0,0
427,"2025-08-16 17:48:15.42",Lathe,Machine,"Rotor TK4",2021404,0,id,0,0.00,0,0,0,0,0,0
428,"2025-08-16 17:48:22.13",Lathe,Machine,"Rotor TK4",2021404,0,id,0,0.00,0,0,0,1,0,0
429,"2025-08-16 17:48:36.54",Lathe,Machine,"Rotor TK4",2021404,0,id,0,0.00,0,0,0,0,0,0
430,"2025-08-16 17:49:45.49",Lathe,Machine,"Rotor TK4",2021404,0,id,0,0.00,0,0,0,0,0,0
431,"2025-08-16 17:49:56.20",Lathe,Machine,"Rotor TK4",2021404,0,id,0,0.00,0,0,0,0,0,0
432,"2025-08-16 17:50:34.45",Lathe,Machine,"Rotor TK4",2021404,0,id,0,0.00,0,0,0,0,0,0
433,"2025-08-16 17:51:06.65",Lathe,Machine,"Rotor TK4",2021404,0,id,0,0.00,0,0,0,0,0,0
434,"2025-08-16 17:51:11.18",Lathe,Machine,"Rotor TK4",2021404,0,id,0,0.00,0,0,0,1,0,0
435,"2025-08-16 17:52:29.46",Lathe,Machine,"Rotor TK4",2021404,0,id,0,0.00,0,0,0,0,0,0
436,"2025-08-16 17:52:46.93",Lathe,Machine,"Rotor TK4",2021404,0,id,0,0.00,0,0,0,0,0,0
437,"2025-08-16 17:52:49.76",Lathe,Machine,"Rotor TK4",2021404,0,id,0,0.00,0,0,0,0,0,0
438,"2025-08-16 17:53:23.48",Lathe,Machine,"Rotor TK4",2021404,0,id,0,0.00,0,0,0,0,0,0
439,"2025-08-16 17:54:00.54",Lathe,Machine,"Rotor TK4",2021404,0,id,0,0.00,0,0,0,0,0,0
440,"2025-08-16 17:54:38.89",Lathe,Machine,"Rotor TK4",2021404,0,id,0,0.00,0,0,0,0,0,0
441,"2025-08-16 17:55:47.25",Lathe,Machine,"Rotor TK4",2021404,0,id,0,0.00,0,0,0,0,0,0
442,"2025-08-16 17:56:18.53",Lathe,Machine,"Rotor TK4",2021404,0,id,0,0.00,0,0,0,0,0,0
443,"2025-08-16 17:57:00.58",Lathe,Machine,"Rotor TK4",2021404,0,id,0,0.00,0,0,0,0,0,0
444,"2025-08-16 17:57:02.23",Lathe,Machine,"Rotor TK4",2021404,0,id,0,0.00,0,0,0,0,0,0
445,"2025-08-16 17:57:03.86",Lathe,Machine,"Rotor TK4",2021404,0,id,0,0.00,0,0,0,0,0,0
446,"2025-08-16 17:58:07.07",Lathe,Machine,"Rotor TK4",2021404,0,id,0,0.00,0,0,0,0,0,0
447,"2025-08-16 17:59:02.83",Lathe,Machine,"Rotor TK4",2021404,0,id,0,0.00,0,0,0,0,0,0
448,"2025-08-16 18:00:03.81",Lathe,Machine,"Rotor TK4",2021404,0,id,0,0.00,0,0,0,0,0,0
449,"2025-08-16 18:01:30.15",Lathe,Machine,"Rotor TK1",089-138,0,id,0,0.00,0,0,0,0,0,0
450,"2025-08-16 18:01:31.13",Lathe,Machine,"Rotor TK1",089-138,0,id,0,0.00,0,0,0,0,0,0
451,"2025-08-16 18:01:38.05",Lathe,Machine,"Rotor TK1",089-138,0,id,1,1117.65,53,0,0,0,0,0
452,"2025-08-16 18:02:54.17",Lathe,Machine,"Rotor TK1",089-138,0,id,0,0.00,0,0,0,0,0,0
453,"2025-08-16 18:03:13.54",Lathe,Machine,"Rotor TK1",089-138,0,id,0,0.00,0,0,0,0,0,0
454,"2025-08-16 18:03:15.46",Lathe,Machine,"Rotor TK1",089-138,0,id,0,0.00,0,0,0,0,0,0
455,"2025-08-16 18:03:21.46",Lathe,Machine,"Rotor TK1",089-138,0,id,1,103.41,54,0,0,0,0,0
456,"2025-08-16 18:04:38.60",Lathe,Machine,"Rotor TK1",089-138,0,id,0,0.00,0,0,0,0,0,0
457,"2025-08-16 18:04:57.24",Lathe,Machine,"Rotor TK1",089-138,0,id,0,0.00,0,0,0,0,0,0
458,"2025-08-16 18:04:58.16",Lathe,Machine,"Rotor TK1",089-138,0,id,0,0.00,0,0,0,0,0,0
459,"2025-08-16 18:05:05.03",Lathe,Machine,"Rotor TK1",089-138,0,id,1,103.57,55,0,0,0,0,0
460,"2025-08-16 18:06:20.96",Lathe,Machine,"Rotor TK1",089-138,0,id,0,0.00,0,0,0,0,0,0
461,"2025-08-16 18:06:39.65",Lathe,Machine,"Rotor TK1",089-138,0,id,0,0.00,0,0,0,0,0,0
462,"2025-08-16 18:06:40.58",Lathe,Machine,"Rotor TK1",089-138,0,id,0,0.00,0,0,0,0,0,0
463,"2025-08-16 18:06:47.32",Lathe,Machine,"Rotor TK1",089-138,0,id,1,102.29,56,0,0,0,0,0
464,"2025-08-16 18:08:03.39",Lathe,Machine,"Rotor TK1",089-138,0,id,0,0.00,0,0,0,0,0,0
465,"2025-08-16 18:08:22.79",Lathe,Machine,"Rotor TK1",089-138,0,id,0,0.00,0,0,0,0,0,0
466,"2025-08-16 18:08:23.13",Lathe,Machine,"Rotor TK1",089-138,0,id,0,0.00,0,0,0,0,0,0
467,"2025-08-16 18:08:23.78",Lathe,Machine,"Rotor TK1",089-138,0,id,0,0.00,0,0,0,0,0,0
468,"2025-08-16 18:08:30.73",Lathe,Machine,"Rotor TK1",089-138,0,id,1,103.41,57,0,0,0,0,0
469,"2025-08-16 18:09:46.69",Lathe,Machine,"Rotor TK1",089-138,0,id,0,0.00,0,0,0,0,0,0
470,"2025-08-16 18:10:06.23",Lathe,Machine,"Rotor TK1",089-138,0,id,0,0.00,0,0,0,0,0,0
471,"2025-08-16 18:10:07.15",Lathe,Machine,"Rotor TK1",089-138,0,id,0,0.00,0,0,0,0,0,0
472,"2025-08-16 18:10:13.84",Lathe,Machine,"Rotor TK1",089-138,0,id,1,103.11,58,0,0,0,0,0
473,"2025-08-16 18:11:30.20",Lathe,Machine,"Rotor TK1",089-138,0,id,0,0.00,0,0,0,0,0,0
474,"2025-08-16 18:11:49.53",Lathe,Machine,"Rotor TK1",089-138,0,id,0,0.00,0,0,0,0,0,0
475,"2025-08-16 18:11:50.44",Lathe,Machine,"Rotor TK1",089-138,0,id,0,0.00,0,0,0,0,0,0
476,"2025-08-16 18:11:57.09",Lathe,Machine,"Rotor TK1",089-138,0,id,1,103.25,59,0,0,0,0,0
477,"2025-08-16 18:13:13.31",Lathe,Machine,"Rotor TK1",089-138,0,id,0,0.00,0,0,0,0,0,0
478,"2025-08-16 18:13:32.73",Lathe,Machine,"Rotor TK1",089-138,0,id,0,0.00,0,0,0,0,0,0
479,"2025-08-16 18:13:33.64",Lathe,Machine,"Rotor TK1",089-138,0,id,0,0.00,0,0,0,0,0,0
480,"2025-08-16 18:13:40.41",Lathe,Machine,"Rotor TK1",089-138,0,id,1,103.32,60,0,0,0,0,0
481,"2025-08-16 18:14:56.60",Lathe,Machine,"Rotor TK1",089-138,0,id,0,0.00,0,0,0,0,0,0
482,"2025-08-16 18:15:16.06",Lathe,Machine,"Rotor TK1",089-138,0,id,0,0.00,0,0,0,0,0,0
483,"2025-08-16 18:15:17.01",Lathe,Machine,"Rotor TK1",089-138,0,id,0,0.00,0,0,0,0,0,0
484,"2025-08-16 18:15:23.51",Lathe,Machine,"Rotor TK1",089-138,0,id,1,103.10,61,0,0,0,0,0
485,"2025-08-16 18:16:39.98",Lathe,Machine,"Rotor TK1",089-138,0,id,0,0.00,0,0,0,0,0,0
486,"2025-08-16 18:16:59.29",Lathe,Machine,"Rotor TK1",089-138,0,id,0,0.00,0,0,0,0,0,0
487,"2025-08-16 18:17:00.20",Lathe,Machine,"Rotor TK1",089-138,0,id,0,0.00,0,0,0,0,0,0
488,"2025-08-16 18:17:06.65",Lathe,Machine,"Rotor TK1",089-138,0,id,1,103.14,62,0,0,0,0,0
489,"2025-08-16 18:18:23.14",Lathe,Machine,"Rotor TK1",089-138,0,id,0,0.00,0,0,0,0,0,0
490,"2025-08-16 18:18:42.48",Lathe,Machine,"Rotor TK1",089-138,0,id,0,0.00,0,0,0,0,0,0
491,"2025-08-16 18:18:44.40",Lathe,Machine,"Rotor TK1",089-138,0,id,0,0.00,0,0,0,0,0,0
492,"2025-08-16 18:18:49.88",Lathe,Machine,"Rotor TK1",089-138,0,id,1,103.23,63,0,0,0,0,0
493,"2025-08-16 18:20:07.38",Lathe,Machine,"Rotor TK1",089-138,0,id,0,0.00,0,0,0,0,0,0
494,"2025-08-16 18:20:26.57",Lathe,Machine,"Rotor TK1",089-138,0,id,0,0.00,0,0,0,0,0,0
495,"2025-08-16 18:20:26.86",Lathe,Machine,"Rotor TK1",089-138,0,id,0,0.00,0,0,0,0,0,0
496,"2025-08-16 18:20:27.76",Lathe,Machine,"Rotor TK1",089-138,0,id,0,0.00,0,0,0,0,0,0
497,"2025-08-16 18:20:34.03",Lathe,Machine,"Rotor TK1",089-138,0,id,1,104.15,64,0,0,0,0,0
498,"2025-08-16 18:21:50.63",Lathe,Machine,"Rotor TK1",089-138,0,id,0,0.00,0,0,0,0,0,0
499,"2025-08-16 18:22:09.79",Lathe,Machine,"Rotor TK1",089-138,0,id,0,0.00,0,0,0,0,0,0
500,"2025-08-16 18:22:11.00",Lathe,Machine,"Rotor TK1",089-138,0,id,0,0.00,0,0,0,0,0,0
501,"2025-08-16 18:22:17.42",Lathe,Machine,"Rotor TK1",089-138,0,id,1,103.39,65,0,0,0,0,0
502,"2025-08-16 18:23:33.77",Lathe,Machine,"Rotor TK1",089-138,0,id,0,0.00,0,0,0,0,0,0
503,"2025-08-16 18:23:52.91",Lathe,Machine,"Rotor TK1",089-138,0,id,0,0.00,0,0,0,0,0,0
504,"2025-08-16 18:23:53.81",Lathe,Machine,"Rotor TK1",089-138,0,id,0,0.00,0,0,0,0,0,0
505,"2025-08-16 18:24:00.39",Lathe,Machine,"Rotor TK1",089-138,0,id,1,102.97,66,0,0,0,0,0
506,"2025-08-16 18:25:16.61",Lathe,Machine,"Rotor TK1",089-138,0,id,0,0.00,0,0,0,0,0,0
507,"2025-08-16 18:25:35.89",Lathe,Machine,"Rotor TK1",089-138,0,id,0,0.00,0,0,0,0,0,0
508,"2025-08-16 18:25:36.20",Lathe,Machine,"Rotor TK1",089-138,0,id,0,0.00,0,0,0,0,0,0
509,"2025-08-16 18:25:36.86",Lathe,Machine,"Rotor TK1",089-138,0,id,0,0.00,0,0,0,0,0,0
510,"2025-08-16 18:25:43.28",Lathe,Machine,"Rotor TK1",089-138,0,id,1,102.89,67,0,0,0,0,0
511,"2025-08-16 18:26:59.73",Lathe,Machine,"Rotor TK1",089-138,0,id,0,0.00,0,0,0,0,0,0
512,"2025-08-16 18:27:19.17",Lathe,Machine,"Rotor TK1",089-138,0,id,0,0.00,0,0,0,0,0,0
513,"2025-08-16 18:27:20.09",Lathe,Machine,"Rotor TK1",089-138,0,id,0,0.00,0,0,0,0,0,0
514,"2025-08-16 18:27:26.44",Lathe,Machine,"Rotor TK1",089-138,0,id,1,103.16,68,0,0,0,0,0
515,"2025-08-16 18:28:42.88",Lathe,Machine,"Rotor TK1",089-138,0,id,0,0.00,0,0,0,0,0,0
516,"2025-08-16 18:29:02.24",Lathe,Machine,"Rotor TK1",089-138,0,id,0,0.00,0,0,0,0,0,0
517,"2025-08-16 18:29:03.25",Lathe,Machine,"Rotor TK1",089-138,0,id,0,0.00,0,0,0,0,0,0
518,"2025-08-16 18:29:09.59",Lathe,Machine,"Rotor TK1",089-138,0,id,1,103.15,69,0,0,0,0,0
519,"2025-08-16 18:30:25.84",Lathe,Machine,"Rotor TK1",089-138,0,id,0,0.00,0,0,0,0,0,0
520,"2025-08-16 18:30:45.23",Lathe,Machine,"Rotor TK1",089-138,0,id,0,0.00,0,0,0,0,0,0
521,"2025-08-16 18:30:46.13",Lathe,Machine,"Rotor TK1",089-138,0,id,0,0.00,0,0,0,0,0,0
522,"2025-08-16 18:30:52.55",Lathe,Machine,"Rotor TK1",089-138,0,id,1,102.96,70,0,0,0,0,0
523,"2025-08-16 18:32:08.96",Lathe,Machine,"Rotor TK1",089-138,0,id,0,0.00,0,0,0,0,0,0
524,"2025-08-16 18:32:28.33",Lathe,Machine,"Rotor TK1",089-138,0,id,0,0.00,0,0,0,0,0,0
525,"2025-08-16 18:32:30.06",Lathe,Machine,"Rotor TK1",089-138,0,id,0,0.00,0,0,0,0,0,0
526,"2025-08-16 18:32:35.57",Lathe,Machine,"Rotor TK1",089-138,0,id,1,103.02,71,0,0,0,0,0
527,"2025-08-16 18:33:52.93",Lathe,Machine,"Rotor TK1",089-138,0,id,0,0.00,0,0,0,0,0,0
528,"2025-08-16 18:34:12.06",Lathe,Machine,"Rotor TK1",089-138,0,id,0,0.00,0,0,0,0,0,0
529,"2025-08-16 18:34:13.24",Lathe,Machine,"Rotor TK1",089-138,0,id,0,0.00,0,0,0,0,0,0
530,"2025-08-16 18:34:19.46",Lathe,Machine,"Rotor TK1",089-138,0,id,1,103.89,72,0,0,0,0,0
531,"2025-08-16 18:35:35.91",Lathe,Machine,"Rotor TK1",089-138,0,id,0,0.00,0,0,0,0,0,0
532,"2025-08-16 18:35:55.15",Lathe,Machine,"Rotor TK1",089-138,0,id,0,0.00,0,0,0,0,0,0
533,"2025-08-16 18:35:56.09",Lathe,Machine,"Rotor TK1",089-138,0,id,0,0.00,0,0,0,0,0,0
534,"2025-08-16 18:36:02.28",Lathe,Machine,"Rotor TK1",089-138,0,id,1,102.82,73,0,0,0,0,0
535,"2025-08-16 18:37:19.41",Lathe,Machine,"Rotor TK1",089-138,0,id,0,0.00,0,0,0,0,0,0
536,"2025-08-16 18:37:38.07",Lathe,Machine,"Rotor TK1",089-138,0,id,0,0.00,0,0,0,0,0,0
537,"2025-08-16 18:37:38.98",Lathe,Machine,"Rotor TK1",089-138,0,id,0,0.00,0,0,0,0,0,0
538,"2025-08-16 18:37:45.31",Lathe,Machine,"Rotor TK1",089-138,0,id,1,103.03,74,0,0,0,0,0
539,"2025-08-16 18:39:01.89",Lathe,Machine,"Rotor TK1",089-138,0,id,0,0.00,0,0,0,0,0,0
540,"2025-08-16 18:39:20.86",Lathe,Machine,"Rotor TK1",089-138,0,id,0,0.00,0,0,0,0,0,0
541,"2025-08-16 18:39:21.20",Lathe,Machine,"Rotor TK1",089-138,0,id,0,0.00,0,0,0,0,0,0
542,"2025-08-16 18:39:21.85",Lathe,Machine,"Rotor TK1",089-138,0,id,0,0.00,0,0,0,0,0,0
543,"2025-08-16 18:39:28.08",Lathe,Machine,"Rotor TK1",089-138,0,id,1,102.77,75,0,0,0,0,0
544,"2025-08-16 18:40:44.71",Lathe,Machine,"Rotor TK1",089-138,0,id,0,0.00,0,0,0,0,0,0
545,"2025-08-16 18:41:03.88",Lathe,Machine,"Rotor TK1",089-138,0,id,0,0.00,0,0,0,0,0,0
546,"2025-08-16 18:41:04.88",Lathe,Machine,"Rotor TK1",089-138,0,id,0,0.00,0,0,0,0,0,0
547,"2025-08-16 18:41:11.18",Lathe,Machine,"Rotor TK1",089-138,0,id,1,103.10,76,0,0,0,0,0
548,"2025-08-16 18:42:27.83",Lathe,Machine,"Rotor TK1",089-138,0,id,0,0.00,0,0,0,0,0,0
549,"2025-08-16 18:42:47.08",Lathe,Machine,"Rotor TK1",089-138,0,id,0,0.00,0,0,0,0,0,0
550,"2025-08-16 18:42:48.00",Lathe,Machine,"Rotor TK1",089-138,0,id,0,0.00,0,0,0,0,0,0
551,"2025-08-16 18:42:54.21",Lathe,Machine,"Rotor TK1",089-138,0,id,1,103.03,77,0,0,0,0,0
552,"2025-08-16 18:44:10.87",Lathe,Machine,"Rotor TK1",089-138,0,id,0,0.00,0,0,0,0,0,0
553,"2025-08-16 18:44:29.83",Lathe,Machine,"Rotor TK1",089-138,0,id,0,0.00,0,0,0,0,0,0
554,"2025-08-16 18:44:30.76",Lathe,Machine,"Rotor TK1",089-138,0,id,0,0.00,0,0,0,0,0,0
555,"2025-08-16 18:44:36.76",Lathe,Machine,"Rotor TK1",089-138,0,id,1,102.55,78,0,0,0,0,0
556,"2025-08-16 18:45:53.62",Lathe,Machine,"Rotor TK1",089-138,0,id,0,0.00,0,0,0,0,0,0
557,"2025-08-16 18:46:12.47",Lathe,Machine,"Rotor TK1",089-138,0,id,0,0.00,0,0,0,0,0,0
558,"2025-08-16 18:46:14.62",Lathe,Machine,"Rotor TK1",089-138,0,id,0,0.00,0,0,0,0,0,0
559,"2025-08-16 18:46:19.60",Lathe,Machine,"Rotor TK1",089-138,0,id,1,102.84,79,0,0,0,0,0
560,"2025-08-16 18:47:37.26",Lathe,Machine,"Rotor TK1",089-138,0,id,0,0.00,0,0,0,0,0,0
561,"2025-08-16 18:47:56.38",Lathe,Machine,"Rotor TK1",089-138,0,id,0,0.00,0,0,0,0,0,0
562,"2025-08-16 18:47:57.30",Lathe,Machine,"Rotor TK1",089-138,0,id,0,0.00,0,0,0,0,0,0
563,"2025-08-16 18:48:03.44",Lathe,Machine,"Rotor TK1",089-138,0,id,1,103.84,80,0,0,0,0,0
564,"2025-08-16 18:49:20.39",Lathe,Machine,"Rotor TK1",089-138,0,id,0,0.00,0,0,0,0,0,0
565,"2025-08-16 18:49:39.08",Lathe,Machine,"Rotor TK1",089-138,0,id,0,0.00,0,0,0,0,0,0
566,"2025-08-16 18:49:39.40",Lathe,Machine,"Rotor TK1",089-138,0,id,0,0.00,0,0,0,0,0,0
567,"2025-08-16 18:49:40.06",Lathe,Machine,"Rotor TK1",089-138,0,id,0,0.00,0,0,0,0,0,0
568,"2025-08-16 18:49:46.12",Lathe,Machine,"Rotor TK1",089-138,0,id,1,102.68,81,0,0,0,0,0
569,"2025-08-16 18:51:03.07",Lathe,Machine,"Rotor TK1",089-138,0,id,0,0.00,0,0,0,0,0,0
570,"2025-08-16 18:51:21.77",Lathe,Machine,"Rotor TK1",089-138,0,id,0,0.00,0,0,0,0,0,0
571,"2025-08-16 18:51:22.06",Lathe,Machine,"Rotor TK1",089-138,0,id,0,0.00,0,0,0,0,0,0
572,"2025-08-16 18:51:22.96",Lathe,Machine,"Rotor TK1",089-138,0,id,0,0.00,0,0,0,0,0,0
573,"2025-08-16 18:51:28.82",Lathe,Machine,"Rotor TK1",089-138,0,id,1,102.70,82,0,0,0,0,0
574,"2025-08-16 18:52:45.78",Lathe,Machine,"Rotor TK1",089-138,0,id,0,0.00,0,0,0,0,0,0
575,"2025-08-16 18:53:04.80",Lathe,Machine,"Rotor TK1",089-138,0,id,0,0.00,0,0,0,0,0,0
576,"2025-08-16 18:53:05.80",Lathe,Machine,"Rotor TK1",089-138,0,id,0,0.00,0,0,0,0,0,0
577,"2025-08-16 18:53:11.42",Lathe,Machine,"Rotor TK1",089-138,0,id,1,102.60,83,0,0,0,0,0
578,"2025-08-16 18:54:28.65",Lathe,Machine,"Rotor TK1",089-138,0,id,0,0.00,0,0,0,0,0,0
579,"2025-08-16 18:54:47.30",Lathe,Machine,"Rotor TK1",089-138,0,id,0,0.00,0,0,0,0,0,0
580,"2025-08-16 18:54:48.30",Lathe,Machine,"Rotor TK1",089-138,0,id,0,0.00,0,0,0,0,0,0
581,"2025-08-16 18:54:54.36",Lathe,Machine,"Rotor TK1",089-138,0,id,1,102.94,84,0,0,0,0,0
582,"2025-08-16 18:55:24.65",Lathe,Machine,"Rotor TK4",2021404,0,id,0,0.00,0,0,0,0,0,0
583,"2025-08-16 18:56:11.15",Lathe,Machine,"Rotor TK1",089-138,0,id,0,0.00,0,0,0,0,0,0
584,"2025-08-16 18:57:31.99",Lathe,Machine,"Rotor TK4",2021404,0,id,0,0.00,0,0,0,0,0,0
585,"2025-08-16 18:57:32.60",Lathe,Machine,"Rotor TK4",2021404,0,id,0,0.00,0,0,0,0,0,0
586,"2025-08-16 18:57:55.75",Lathe,Machine,"Rotor TK4",2021404,0,id,0,0.00,0,0,0,0,0,0
587,"2025-08-16 18:57:59.82",Lathe,Machine,"Rotor TK4",2021404,0,id,0,0.00,0,0,0,0,0,0
588,"2025-08-16 18:58:40.03",Lathe,Machine,"Rotor TK4",2021404,0,id,0,0.00,0,0,0,0,0,0
589,"2025-08-16 18:58:40.66",Lathe,Machine,"Rotor TK4",2021404,0,id,0,0.00,0,0,0,0,0,0
590,"2025-08-16 18:59:30.82",Lathe,Machine,"Rotor TK4",2021404,0,id,0,0.00,0,0,0,0,0,0
591,"2025-08-16 18:59:56.29",Lathe,Machine,"Rotor TK4",2021404,0,id,0,0.00,0,0,0,0,0,0
592,"2025-08-16 19:04:03.63",Lathe,Machine,"Rotor TK4",2021404,0,id,0,0.00,0,0,0,0,0,0
593,"2025-08-16 19:04:05.14",Lathe,Machine,"Rotor TK4",2021404,0,id,0,0.00,0,0,0,0,0,0
594,"2025-08-16 19:05:03.25",Lathe,Machine,"Rotor TK4",2021404,0,id,0,0.00,0,0,0,0,0,0
595,"2025-08-16 19:05:45.87",Lathe,Machine,"Rotor TK4",2021404,0,id,0,0.00,0,0,0,0,0,0
596,"2025-08-16 19:07:08.34",Lathe,Machine,"Rotor TK4",2021404,0,id,0,0.00,0,0,0,0,0,0
597,"2025-08-16 19:07:08.99",Lathe,Machine,"Rotor TK4",2021404,0,id,0,0.00,0,0,0,0,0,0
598,"2025-08-16 19:08:02.43",Lathe,Machine,"Rotor TK4",2021404,0,id,0,0.00,0,0,0,0,0,0
599,"2025-08-16 19:10:30.24",Lathe,Machine,"Rotor TK4",2021404,0,id,0,0.00,0,0,0,0,0,0
600,"2025-08-16 19:10:32.99",Lathe,Machine,"Rotor TK4",2021404,0,id,0,0.00,0,0,0,0,0,0
601,"2025-08-16 19:10:34.21",Lathe,Machine,"Rotor TK4",2021404,0,id,0,0.00,0,0,0,0,0,0
602,"2025-08-16 19:11:39.02",Lathe,Machine,"Rotor TK4",2021404,0,id,0,0.00,0,0,0,0,0,0
603,"2025-08-16 19:13:51.72",Lathe,Machine,"Rotor TK4",2021404,0,id,0,0.00,0,0,0,0,0,0
604,"2025-08-16 19:13:59.99",Lathe,Machine,"Rotor TK4",2021404,0,id,0,0.00,0,0,0,0,0,0
605,"2025-08-16 19:14:03.99",Lathe,Machine,"Rotor TK4",2021404,0,id,0,0.00,0,0,0,0,0,0
606,"2025-08-16 19:15:12.22",Lathe,Machine,"Rotor TK4",2021404,0,id,0,0.00,0,0,0,0,0,0
607,"2025-08-16 19:15:55.43",Lathe,Machine,"Rotor TK4",2021404,0,id,0,0.00,0,0,0,0,0,0
608,"2025-08-16 19:16:44.46",Lathe,Machine,"Rotor TK4",2021404,0,id,0,0.00,0,0,0,0,0,0
609,"2025-08-16 19:16:45.08",Lathe,Machine,"Rotor TK4",2021404,0,id,0,0.00,0,0,0,0,0,0
610,"2025-08-16 19:17:53.38",Lathe,Machine,"Rotor TK4",2021404,0,id,0,0.00,0,0,0,0,0,0
611,"2025-08-16 19:18:45.22",Lathe,Machine,"Rotor TK4",2021404,0,id,0,0.00,0,0,0,0,0,0
612,"2025-08-16 19:19:53.37",Lathe,Machine,"Rotor TK4",2021404,0,id,0,0.00,0,0,0,0,0,0
613,"2025-08-16 19:21:54.65",Lathe,Machine,"Rotor TK4",2021404,0,id,0,0.00,0,0,0,0,0,0
614,"2025-08-16 19:22:35.41",Lathe,Machine,"Rotor TK4",2021404,0,id,0,0.00,0,0,0,0,0,0
615,"2025-08-16 19:22:36.05",Lathe,Machine,"Rotor TK4",2021404,0,id,0,0.00,0,0,0,0,0,0
616,"2025-08-16 19:23:43.94",Lathe,Machine,"Rotor TK4",2021404,0,id,0,0.00,0,0,0,0,0,0
617,"2025-08-16 19:25:43.18",Lathe,Machine,"Rotor TK4",2021404,0,id,0,0.00,0,0,0,0,0,0
618,"2025-08-16 19:26:50.88",Lathe,Machine,"Rotor TK4",2021404,0,id,0,0.00,0,0,0,0,0,0
619,"2025-08-16 19:27:53.34",Lathe,Machine,"Rotor TK4",2021404,0,id,0,0.00,0,0,0,0,0,0
620,"2025-08-16 19:29:01.37",Lathe,Machine,"Rotor TK4",2021404,0,id,0,0.00,0,0,0,0,0,0
621,"2025-08-16 19:29:41.57",Lathe,Machine,"Rotor TK4",2021404,0,id,0,0.00,0,0,0,0,0,0
622,"2025-08-16 19:32:16.01",Lathe,Machine,"Rotor TK4",2021404,0,id,0,0.00,0,0,0,0,0,0
623,"2025-08-16 19:32:17.22",Lathe,Machine,"Rotor TK4",2021404,0,id,0,0.00,0,0,0,0,0,0
624,"2025-08-16 19:33:24.98",Lathe,Machine,"Rotor TK4",2021404,0,id,0,0.00,0,0,0,0,0,0
625,"2025-08-16 19:34:48.21",Lathe,Machine,"Rotor TK4",2021404,0,id,0,0.00,0,0,0,0,0,0
626,"2025-08-16 19:34:50.20",Lathe,Machine,"Rotor TK4",2021404,0,id,0,0.00,0,0,0,0,0,0
627,"2025-08-16 19:34:50.85",Lathe,Machine,"Rotor TK4",2021404,0,id,0,0.00,0,0,0,0,0,0
628,"2025-08-16 19:35:21.16",Lathe,Machine,"Rotor TK4",2021404,0,id,0,0.00,0,0,0,0,0,0
629,"2025-08-16 19:35:21.77",Lathe,Machine,"Rotor TK4",2021404,0,id,0,0.00,0,0,0,0,0,0
630,"2025-08-16 19:36:10.95",Lathe,Machine,"Rotor TK4",2021404,0,id,0,0.00,0,0,0,0,0,0
631,"2025-08-16 19:36:49.54",Lathe,Machine,"Rotor TK4",2021404,0,id,0,0.00,0,0,0,0,0,0
632,"2025-08-16 19:37:21.01",Lathe,Machine,"Rotor TK4",2021404,0,id,0,0.00,0,0,0,0,0,0
633,"2025-08-16 19:37:22.47",Lathe,Machine,"Rotor TK4",2021404,0,id,0,0.00,0,0,0,0,0,0
634,"2025-08-16 19:38:16.98",Lathe,Machine,"Rotor TK4",2021404,0,id,0,0.00,0,0,0,0,0,0
635,"2025-08-16 19:38:59.86",Lathe,Machine,"Rotor TK4",2021404,0,id,0,0.00,0,0,0,0,0,0
636,"2025-08-16 19:39:02.22",Lathe,Machine,"Rotor TK4",2021404,0,id,0,0.00,0,0,0,0,0,0
637,"2025-08-16 19:39:02.84",Lathe,Machine,"Rotor TK4",2021404,0,id,0,0.00,0,0,0,0,0,0
638,"2025-08-16 19:39:55.65",Lathe,Machine,"Rotor TK4",2021404,0,id,0,0.00,0,0,0,0,0,0
639,"2025-08-16 19:41:05.51",Lathe,Machine,"Rotor TK4",2021404,0,id,0,0.00,0,0,0,0,0,0
640,"2025-08-16 19:41:07.09",Lathe,Machine,"Rotor TK4",2021404,0,id,0,0.00,0,0,0,0,0,0
641,"2025-08-16 19:41:07.72",Lathe,Machine,"Rotor TK4",2021404,0,id,0,0.00,0,0,0,0,0,0
642,"2025-08-16 19:42:02.31",Lathe,Machine,"Rotor TK4",2021404,0,id,0,0.00,0,0,0,0,0,0
643,"2025-08-16 19:43:18.42",Lathe,Machine,"Rotor TK4",2021404,0,id,0,0.00,0,0,0,0,0,0
644,"2025-08-16 19:43:21.16",Lathe,Machine,"Rotor TK4",2021404,0,id,0,0.00,0,0,0,0,0,0
645,"2025-08-16 19:43:21.78",Lathe,Machine,"Rotor TK4",2021404,0,id,0,0.00,0,0,0,0,0,0
646,"2025-08-16 19:44:16.14",Lathe,Machine,"Rotor TK4",2021404,0,id,0,0.00,0,0,0,0,0,0
647,"2025-08-16 19:45:43.79",Lathe,Machine,"Rotor TK4",2021404,0,id,0,0.00,0,0,0,0,0,0
648,"2025-08-16 19:45:45.60",Lathe,Machine,"Rotor TK4",2021404,0,id,0,0.00,0,0,0,0,0,0
649,"2025-08-16 19:45:46.54",Lathe,Machine,"Rotor TK4",2021404,0,id,0,0.00,0,0,0,0,0,0
650,"2025-08-16 19:46:54.04",Lathe,Machine,"Rotor TK4",2021404,0,id,0,0.00,0,0,0,0,0,0
651,"2025-08-16 19:47:51.17",Lathe,Machine,"Rotor TK4",2021404,0,id,0,0.00,0,0,0,0,0,0
652,"2025-08-16 19:48:59.00",Lathe,Machine,"Rotor TK4",2021404,0,id,0,0.00,0,0,0,0,0,0
653,"2025-08-16 19:50:03.76",Lathe,Machine,"Rotor TK4",2021404,0,id,0,0.00,0,0,0,0,0,0
654,"2025-08-16 19:51:11.38",Lathe,Machine,"Rotor TK4",2021404,0,id,0,0.00,0,0,0,0,0,0
655,"2025-08-16 19:52:12.95",Lathe,Machine,"Rotor TK4",2021404,0,id,0,0.00,0,0,0,0,0,0
656,"2025-08-16 19:52:22.89",Lathe,Machine,"Rotor TK4",2021404,0,id,0,0.00,0,0,0,0,0,0
657,"2025-08-16 19:52:23.51",Lathe,Machine,"Rotor TK4",2021404,0,id,0,0.00,0,0,0,0,0,0
658,"2025-08-16 19:53:30.84",Lathe,Machine,"Rotor TK4",2021404,0,id,0,0.00,0,0,0,0,0,0
659,"2025-08-16 19:54:07.46",Lathe,Machine,"Rotor TK4",2021404,0,id,0,0.00,0,0,0,0,0,0
660,"2025-08-16 19:55:15.10",Lathe,Machine,"Rotor TK4",2021404,0,id,0,0.00,0,0,0,0,0,0
661,"2025-08-16 19:56:45.68",Lathe,Machine,"Rotor TK1",089-138,0,id,0,0.00,0,0,0,0,0,0
662,"2025-08-16 19:56:46.71",Lathe,Machine,"Rotor TK1",089-138,0,id,0,0.00,0,0,0,0,0,0
663,"2025-08-16 19:56:53.56",Lathe,Machine,"Rotor TK1",089-138,0,id,1,3719.20,85,0,0,0,0,0
664,"2025-08-16 19:58:09.72",Lathe,Machine,"Rotor TK1",089-138,0,id,0,0.00,0,0,0,0,0,0
665,"2025-08-16 19:58:28.24",Lathe,Machine,"Rotor TK1",089-138,0,id,0,0.00,0,0,0,0,0,0
666,"2025-08-16 19:58:29.20",Lathe,Machine,"Rotor TK1",089-138,0,id,0,0.00,0,0,0,0,0,0
667,"2025-08-16 19:58:36.06",Lathe,Machine,"Rotor TK1",089-138,0,id,1,102.50,86,0,0,0,0,0
668,"2025-08-16 19:59:09.50",Lathe,Machine,"Rotor TK4",2021404,0,id,0,0.00,0,0,0,0,0,0
669,"2025-08-16 19:59:10.50",Lathe,Machine,"Rotor TK4",2021404,0,id,0,0.00,0,0,0,0,0,0
670,"2025-08-16 19:59:16.46",Lathe,Machine,"Rotor TK4",2021404,0,id,1,95.00,53,0,0,0,0,0
671,"2025-08-16 19:59:52.22",Lathe,Machine,"Rotor TK1",089-138,0,id,0,0.00,0,0,0,0,0,0
672,"2025-08-16 20:00:11.09",Lathe,Machine,"Rotor TK1",089-138,0,id,0,0.00,0,0,0,0,0,0
673,"2025-08-16 20:00:12.02",Lathe,Machine,"Rotor TK1",089-138,0,id,0,0.00,0,0,0,0,0,0
674,"2025-08-16 20:00:18.90",Lathe,Machine,"Rotor TK1",089-138,0,id,1,102.84,87,0,0,0,0,0
675,"2025-08-16 20:00:18.90",Lathe,Machine,"Rotor TK4",2021404,0,id,0,0.00,0,0,0,0,0,0
676,"2025-08-16 20:00:52.42",Lathe,Machine,"Rotor TK4",2021404,0,id,0,0.00,0,0,0,0,0,0
677,"2025-08-16 20:00:53.65",Lathe,Machine,"Rotor TK4",2021404,0,id,0,0.00,0,0,0,0,0,0
678,"2025-08-16 20:00:59.65",Lathe,Machine,"Rotor TK4",2021404,0,id,1,103.19,54,0,0,0,0,0
679,"2025-08-16 20:01:35.03",Lathe,Machine,"Rotor TK1",089-138,0,id,0,0.00,0,0,0,0,0,0
680,"2025-08-16 20:01:54.05",Lathe,Machine,"Rotor TK1",089-138,0,id,0,0.00,0,0,0,0,0,0
681,"2025-08-16 20:01:55.02",Lathe,Machine,"Rotor TK1",089-138,0,id,0,0.00,0,0,0,0,0,0
682,"2025-08-16 20:02:01.64",Lathe,Machine,"Rotor TK4",2021404,0,id,0,0.00,0,0,0,0,0,0
683,"2025-08-16 20:02:01.97",Lathe,Machine,"Rotor TK1",089-138,0,id,1,103.07,88,0,0,0,0,0
684,"2025-08-16 20:02:35.24",Lathe,Machine,"Rotor TK4",2021404,0,id,0,0.00,0,0,0,0,0,0
685,"2025-08-16 20:02:36.18",Lathe,Machine,"Rotor TK4",2021404,0,id,0,0.00,0,0,0,0,0,0
686,"2025-08-16 20:02:36.50",Lathe,Machine,"Rotor TK4",2021404,0,id,0,0.00,0,0,0,0,0,0
687,"2025-08-16 20:02:42.28",Lathe,Machine,"Rotor TK4",2021404,0,id,1,102.63,55,0,0,0,0,0
688,"2025-08-16 20:03:18.52",Lathe,Machine,"Rotor TK1",089-138,0,id,0,0.00,0,0,0,0,0,0
689,"2025-08-16 20:03:37.01",Lathe,Machine,"Rotor TK1",089-138,0,id,0,0.00,0,0,0,0,0,0
690,"2025-08-16 20:03:38.82",Lathe,Machine,"Rotor TK1",089-138,0,id,0,0.00,0,0,0,0,0,0
691,"2025-08-16 20:03:44.55",Lathe,Machine,"Rotor TK4",2021404,0,id,0,0.00,0,0,0,0,0,0
692,"2025-08-16 20:03:44.85",Lathe,Machine,"Rotor TK1",089-138,0,id,1,102.88,89,0,0,0,0,0
693,"2025-08-16 20:04:18.13",Lathe,Machine,"Rotor TK4",2021404,0,id,0,0.00,0,0,0,0,0,0
694,"2025-08-16 20:04:19.05",Lathe,Machine,"Rotor TK4",2021404,0,id,0,0.00,0,0,0,0,0,0
695,"2025-08-16 20:04:25.17",Lathe,Machine,"Rotor TK4",2021404,0,id,1,102.89,56,0,0,0,0,0
696,"2025-08-16 20:05:01.72",Lathe,Machine,"Rotor TK1",089-138,0,id,0,0.00,0,0,0,0,0,0
697,"2025-08-16 20:05:20.62",Lathe,Machine,"Rotor TK1",089-138,0,id,0,0.00,0,0,0,0,0,0
698,"2025-08-16 20:05:20.91",Lathe,Machine,"Rotor TK1",089-138,0,id,0,0.00,0,0,0,0,0,0
699,"2025-08-16 20:05:21.82",Lathe,Machine,"Rotor TK1",089-138,0,id,0,0.00,0,0,0,0,0,0
700,"2025-08-16 20:05:26.38",Lathe,Machine,"Rotor TK4",2021404,0,id,0,0.00,0,0,0,0,0,0
701,"2025-08-16 20:05:28.56",Lathe,Machine,"Rotor TK1",089-138,0,id,1,103.71,90,0,0,0,0,0
702,"2025-08-16 20:06:01.76",Lathe,Machine,"Rotor TK4",2021404,0,id,0,0.00,0,0,0,0,0,0
703,"2025-08-16 20:06:03.05",Lathe,Machine,"Rotor TK4",2021404,0,id,0,0.00,0,0,0,0,0,0
704,"2025-08-16 20:06:08.76",Lathe,Machine,"Rotor TK4",2021404,0,id,1,103.59,57,0,0,0,0,0
705,"2025-08-16 20:06:45.13",Lathe,Machine,"Rotor TK1",089-138,0,id,0,0.00,0,0,0,0,0,0
706,"2025-08-16 20:07:04.45",Lathe,Machine,"Rotor TK1",089-138,0,id,0,0.00,0,0,0,0,0,0
707,"2025-08-16 20:07:05.39",Lathe,Machine,"Rotor TK1",089-138,0,id,0,0.00,0,0,0,0,0,0
708,"2025-08-16 20:07:10.46",Lathe,Machine,"Rotor TK4",2021404,0,id,0,0.00,0,0,0,0,0,0
709,"2025-08-16 20:07:12.31",Lathe,Machine,"Rotor TK1",089-138,0,id,1,103.75,91,0,0,0,0,0
710,"2025-08-16 20:07:45.74",Lathe,Machine,"Rotor TK4",2021404,0,id,0,0.00,0,0,0,0,0,0
711,"2025-08-16 20:07:46.63",Lathe,Machine,"Rotor TK4",2021404,0,id,0,0.00,0,0,0,0,0,0
712,"2025-08-16 20:07:46.92",Lathe,Machine,"Rotor TK4",2021404,0,id,0,0.00,0,0,0,0,0,0
713,"2025-08-16 20:07:52.69",Lathe,Machine,"Rotor TK4",2021404,0,id,1,103.93,58,0,0,0,0,0
714,"2025-08-16 20:08:28.36",Lathe,Machine,"Rotor TK1",089-138,0,id,0,0.00,0,0,0,0,0,0
715,"2025-08-16 20:08:47.33",Lathe,Machine,"Rotor TK1",089-138,0,id,0,0.00,0,0,0,0,0,0
716,"2025-08-16 20:08:48.33",Lathe,Machine,"Rotor TK1",089-138,0,id,0,0.00,0,0,0,0,0,0
717,"2025-08-16 20:08:54.29",Lathe,Machine,"Rotor TK4",2021404,0,id,0,0.00,0,0,0,0,0,0
718,"2025-08-16 20:08:54.91",Lathe,Machine,"Rotor TK1",089-138,0,id,1,102.60,92,0,0,0,0,0
719,"2025-08-16 20:09:28.66",Lathe,Machine,"Rotor TK4",2021404,0,id,0,0.00,0,0,0,0,0,0
720,"2025-08-16 20:09:29.63",Lathe,Machine,"Rotor TK4",2021404,0,id,0,0.00,0,0,0,0,0,0
721,"2025-08-16 20:09:35.43",Lathe,Machine,"Rotor TK4",2021404,0,id,1,102.74,59,0,0,0,0,0
722,"2025-08-16 20:10:11.64",Lathe,Machine,"Rotor TK1",089-138,0,id,0,0.00,0,0,0,0,0,0
723,"2025-08-16 20:10:30.84",Lathe,Machine,"Rotor TK1",089-138,0,id,0,0.00,0,0,0,0,0,0
724,"2025-08-16 20:10:32.14",Lathe,Machine,"Rotor TK1",089-138,0,id,0,0.00,0,0,0,0,0,0
725,"2025-08-16 20:10:37.08",Lathe,Machine,"Rotor TK4",2021404,0,id,0,0.00,0,0,0,0,0,0
726,"2025-08-16 20:10:38.70",Lathe,Machine,"Rotor TK1",089-138,0,id,1,103.79,93,0,0,0,0,0
727,"2025-08-16 20:11:12.02",Lathe,Machine,"Rotor TK4",2021404,0,id,0,0.00,0,0,0,0,0,0
728,"2025-08-16 20:11:12.98",Lathe,Machine,"Rotor TK4",2021404,0,id,0,0.00,0,0,0,0,0,0
729,"2025-08-16 20:11:18.97",Lathe,Machine,"Rotor TK4",2021404,0,id,1,103.54,60,0,0,0,0,0
730,"2025-08-16 20:11:55.00",Lathe,Machine,"Rotor TK1",089-138,0,id,0,0.00,0,0,0,0,0,0
731,"2025-08-16 20:12:13.72",Lathe,Machine,"Rotor TK1",089-138,0,id,0,0.00,0,0,0,0,0,0
732,"2025-08-16 20:12:14.72",Lathe,Machine,"Rotor TK1",089-138,0,id,0,0.00,0,0,0,0,0,0
733,"2025-08-16 20:12:20.76",Lathe,Machine,"Rotor TK4",2021404,0,id,0,0.00,0,0,0,0,0,0
734,"2025-08-16 20:12:21.34",Lathe,Machine,"Rotor TK1",089-138,0,id,1,102.64,94,0,0,0,0,0
735,"2025-08-16 20:12:54.84",Lathe,Machine,"Rotor TK4",2021404,0,id,0,0.00,0,0,0,0,0,0
736,"2025-08-16 20:12:55.74",Lathe,Machine,"Rotor TK4",2021404,0,id,0,0.00,0,0,0,0,0,0
737,"2025-08-16 20:12:56.04",Lathe,Machine,"Rotor TK4",2021404,0,id,0,0.00,0,0,0,0,0,0
738,"2025-08-16 20:13:01.78",Lathe,Machine,"Rotor TK4",2021404,0,id,1,102.81,61,0,0,0,0,0
739,"2025-08-16 20:13:37.60",Lathe,Machine,"Rotor TK1",089-138,0,id,0,0.00,0,0,0,0,0,0
740,"2025-08-16 20:13:56.31",Lathe,Machine,"Rotor TK1",089-138,0,id,0,0.00,0,0,0,0,0,0
741,"2025-08-16 20:13:57.28",Lathe,Machine,"Rotor TK1",089-138,0,id,0,0.00,0,0,0,0,0,0
742,"2025-08-16 20:14:03.62",Lathe,Machine,"Rotor TK4",2021404,0,id,0,0.00,0,0,0,0,0,0
743,"2025-08-16 20:14:04.27",Lathe,Machine,"Rotor TK1",089-138,0,id,1,102.93,95,0,0,0,0,0
744,"2025-08-16 20:14:37.20",Lathe,Machine,"Rotor TK4",2021404,0,id,0,0.00,0,0,0,0,0,0
745,"2025-08-16 20:14:38.37",Lathe,Machine,"Rotor TK4",2021404,0,id,0,0.00,0,0,0,0,0,0
746,"2025-08-16 20:14:44.34",Lathe,Machine,"Rotor TK4",2021404,0,id,1,102.56,62,0,0,0,0,0
747,"2025-08-16 20:15:20.20",Lathe,Machine,"Rotor TK1",089-138,0,id,0,0.00,0,0,0,0,0,0
748,"2025-08-16 20:15:38.66",Lathe,Machine,"Rotor TK1",089-138,0,id,0,0.00,0,0,0,0,0,0
749,"2025-08-16 20:15:38.96",Lathe,Machine,"Rotor TK1",089-138,0,id,0,0.00,0,0,0,0,0,0
750,"2025-08-16 20:15:39.89",Lathe,Machine,"Rotor TK1",089-138,0,id,0,0.00,0,0,0,0,0,0
751,"2025-08-16 20:15:46.02",Lathe,Machine,"Rotor TK4",2021404,0,id,0,0.00,0,0,0,0,0,0
752,"2025-08-16 20:15:46.34",Lathe,Machine,"Rotor TK1",089-138,0,id,1,102.07,96,0,0,0,0,0
753,"2025-08-16 20:16:19.69",Lathe,Machine,"Rotor TK4",2021404,0,id,0,0.00,0,0,0,0,0,0
754,"2025-08-16 20:16:20.94",Lathe,Machine,"Rotor TK4",2021404,0,id,0,0.00,0,0,0,0,0,0
755,"2025-08-16 20:16:26.67",Lathe,Machine,"Rotor TK4",2021404,0,id,1,102.33,63,0,0,0,0,0
756,"2025-08-16 20:17:02.56",Lathe,Machine,"Rotor TK1",089-138,0,id,0,0.00,0,0,0,0,0,0
757,"2025-08-16 20:17:24.58",Lathe,Machine,"Rotor TK1",089-138,0,id,1,98.24,97,0,0,0,0,0
758,"2025-08-16 20:17:28.42",Lathe,Machine,"Rotor TK4",2021404,0,id,0,0.00,0,0,0,0,0,0
759,"2025-08-16 20:17:57.75",Lathe,Machine,"Rotor TK4",2021404,0,id,0,0.00,0,0,0,0,0,0
760,"2025-08-16 20:17:58.94",Lathe,Machine,"Rotor TK4",2021404,0,id,0,0.00,0,0,0,0,0,0
761,"2025-08-16 20:18:19.01",Lathe,Machine,"Rotor TK1",089-138,0,id,0,0.00,0,0,0,0,0,0
762,"2025-08-16 20:18:58.96",Lathe,Machine,"Rotor TK4",2021404,0,id,1,152.29,64,0,0,0,0,0
763,"2025-08-16 20:19:06.33",Lathe,Machine,"Rotor TK4",2021404,0,id,0,0.00,0,0,0,0,0,0
764,"2025-08-16 20:19:42.21",Lathe,Machine,"Rotor TK1",089-138,0,id,0,0.00,0,0,0,0,0,0
765,"2025-08-16 20:20:00.62",Lathe,Machine,"Rotor TK1",089-138,0,id,0,0.00,0,0,0,0,0,0
766,"2025-08-16 20:20:01.63",Lathe,Machine,"Rotor TK1",089-138,0,id,0,0.00,0,0,0,0,0,0
767,"2025-08-16 20:20:08.41",Lathe,Machine,"Rotor TK1",089-138,0,id,1,163.83,98,0,0,0,0,0
768,"2025-08-16 20:20:41.54",Lathe,Machine,"Rotor TK4",2021404,0,id,0,0.00,0,0,0,0,0,0
769,"2025-08-16 20:20:42.56",Lathe,Machine,"Rotor TK4",2021404,0,id,0,0.00,0,0,0,0,0,0
770,"2025-08-16 20:20:48.40",Lathe,Machine,"Rotor TK4",2021404,0,id,1,109.44,65,0,0,0,0,0
771,"2025-08-16 20:21:24.51",Lathe,Machine,"Rotor TK1",089-138,0,id,0,0.00,0,0,0,0,0,0
772,"2025-08-16 20:21:43.97",Lathe,Machine,"Rotor TK1",089-138,0,id,0,0.00,0,0,0,0,0,0
773,"2025-08-16 20:21:44.90",Lathe,Machine,"Rotor TK1",089-138,0,id,0,0.00,0,0,0,0,0,0
774,"2025-08-16 20:21:50.64",Lathe,Machine,"Rotor TK4",2021404,0,id,0,0.00,0,0,0,0,0,0
775,"2025-08-16 20:21:51.56",Lathe,Machine,"Rotor TK1",089-138,0,id,1,103.15,99,0,0,0,0,0
776,"2025-08-16 20:22:24.96",Lathe,Machine,"Rotor TK4",2021404,0,id,0,0.00,0,0,0,0,0,0
777,"2025-08-16 20:22:25.90",Lathe,Machine,"Rotor TK4",2021404,0,id,0,0.00,0,0,0,0,0,0
778,"2025-08-16 20:22:26.22",Lathe,Machine,"Rotor TK4",2021404,0,id,0,0.00,0,0,0,0,0,0
779,"2025-08-16 20:22:31.82",Lathe,Machine,"Rotor TK4",2021404,0,id,1,103.42,66,0,0,0,0,0
780,"2025-08-16 20:23:07.94",Lathe,Machine,"Rotor TK1",089-138,0,id,0,0.00,0,0,0,0,0,0
781,"2025-08-16 20:23:27.33",Lathe,Machine,"Rotor TK1",089-138,0,id,0,0.00,0,0,0,0,0,0
782,"2025-08-16 20:23:28.24",Lathe,Machine,"Rotor TK1",089-138,0,id,0,0.00,0,0,0,0,0,0
783,"2025-08-16 20:23:33.84",Lathe,Machine,"Rotor TK4",2021404,0,id,0,0.00,0,0,0,0,0,0
784,"2025-08-16 20:23:34.88",Lathe,Machine,"Rotor TK1",089-138,0,id,1,103.32,100,0,0,0,0,0
785,"2025-08-16 20:24:08.30",Lathe,Machine,"Rotor TK4",2021404,0,id,0,0.00,0,0,0,0,0,0
786,"2025-08-16 20:24:09.48",Lathe,Machine,"Rotor TK4",2021404,0,id,0,0.00,0,0,0,0,0,0
787,"2025-08-16 20:24:15.24",Lathe,Machine,"Rotor TK4",2021404,0,id,1,103.42,67,0,0,0,0,0
788,"2025-08-16 20:24:51.61",Lathe,Machine,"Rotor TK1",089-138,0,id,0,0.00,0,0,0,0,0,0
789,"2025-08-16 20:25:10.91",Lathe,Machine,"Rotor TK1",089-138,0,id,0,0.00,0,0,0,0,0,0
790,"2025-08-16 20:25:11.78",Lathe,Machine,"Rotor TK1",089-138,0,id,0,0.00,0,0,0,0,0,0
791,"2025-08-16 20:25:17.24",Lathe,Machine,"Rotor TK4",2021404,0,id,0,0.00,0,0,0,0,0,0
792,"2025-08-16 20:25:18.17",Lathe,Machine,"Rotor TK1",089-138,0,id,1,103.29,101,0,0,0,0,0
793,"2025-08-16 20:25:51.81",Lathe,Machine,"Rotor TK4",2021404,0,id,0,0.00,0,0,0,0,0,0
794,"2025-08-16 20:25:52.74",Lathe,Machine,"Rotor TK4",2021404,0,id,0,0.00,0,0,0,0,0,0
795,"2025-08-16 20:25:58.43",Lathe,Machine,"Rotor TK4",2021404,0,id,1,103.19,68,0,0,0,0,0
796,"2025-08-16 20:26:35.09",Lathe,Machine,"Rotor TK1",089-138,0,id,0,0.00,0,0,0,0,0,0
797,"2025-08-16 20:26:54.18",Lathe,Machine,"Rotor TK1",089-138,0,id,0,0.00,0,0,0,0,0,0
798,"2025-08-16 20:26:55.38",Lathe,Machine,"Rotor TK1",089-138,0,id,0,0.00,0,0,0,0,0,0
799,"2025-08-16 20:27:00.54",Lathe,Machine,"Rotor TK4",2021404,0,id,0,0.00,0,0,0,0,0,0
800,"2025-08-16 20:27:01.72",Lathe,Machine,"Rotor TK1",089-138,0,id,1,103.55,102,0,0,0,0,0
801,"2025-08-16 20:27:33.84",Lathe,Machine,"Rotor TK4",2021404,0,id,0,0.00,0,0,0,0,0,0
802,"2025-08-16 20:27:34.83",Lathe,Machine,"Rotor TK4",2021404,0,id,0,0.00,0,0,0,0,0,0
803,"2025-08-16 20:27:35.15",Lathe,Machine,"Rotor TK4",2021404,0,id,0,0.00,0,0,0,0,0,0
804,"2025-08-16 20:27:40.70",Lathe,Machine,"Rotor TK4",2021404,0,id,1,102.27,69,0,0,0,0,0
805,"2025-08-16 20:28:18.23",Lathe,Machine,"Rotor TK1",089-138,0,id,0,0.00,0,0,0,0,0,0
806,"2025-08-16 20:28:36.79",Lathe,Machine,"Rotor TK1",089-138,0,id,0,0.00,0,0,0,0,0,0
807,"2025-08-16 20:28:38.01",Lathe,Machine,"Rotor TK1",089-138,0,id,0,0.00,0,0,0,0,0,0
808,"2025-08-16 20:28:42.67",Lathe,Machine,"Rotor TK4",2021404,0,id,0,0.00,0,0,0,0,0,0
809,"2025-08-16 20:28:44.30",Lathe,Machine,"Rotor TK1",089-138,0,id,1,102.58,103,0,0,0,0,0
810,"2025-08-16 20:29:16.63",Lathe,Machine,"Rotor TK4",2021404,0,id,0,0.00,0,0,0,0,0,0
811,"2025-08-16 20:29:17.59",Lathe,Machine,"Rotor TK4",2021404,0,id,0,0.00,0,0,0,0,0,0
812,"2025-08-16 20:29:23.23",Lathe,Machine,"Rotor TK4",2021404,0,id,1,102.53,70,0,0,0,0,0
813,"2025-08-16 20:30:00.76",Lathe,Machine,"Rotor TK1",089-138,0,id,0,0.00,0,0,0,0,0,0
814,"2025-08-16 20:30:19.31",Lathe,Machine,"Rotor TK1",089-138,0,id,0,0.00,0,0,0,0,0,0
815,"2025-08-16 20:30:19.62",Lathe,Machine,"Rotor TK1",089-138,0,id,0,0.00,0,0,0,0,0,0
816,"2025-08-16 20:30:20.51",Lathe,Machine,"Rotor TK1",089-138,0,id,0,0.00,0,0,0,0,0,0
817,"2025-08-16 20:30:25.33",Lathe,Machine,"Rotor TK4",2021404,0,id,0,0.00,0,0,0,0,0,0
818,"2025-08-16 20:30:26.85",Lathe,Machine,"Rotor TK1",089-138,0,id,1,102.55,104,0,0,0,0,0
819,"2025-08-16 20:30:58.93",Lathe,Machine,"Rotor TK4",2021404,0,id,0,0.00,0,0,0,0,0,0
820,"2025-08-16 20:31:00.16",Lathe,Machine,"Rotor TK4",2021404,0,id,0,0.00,0,0,0,0,0,0
821,"2025-08-16 20:31:05.64",Lathe,Machine,"Rotor TK4",2021404,0,id,1,102.41,71,0,0,0,0,0
822,"2025-08-16 20:31:43.37",Lathe,Machine,"Rotor TK1",089-138,0,id,0,0.00,0,0,0,0,0,0
823,"2025-08-16 20:32:01.97",Lathe,Machine,"Rotor TK1",089-138,0,id,0,0.00,0,0,0,0,0,0
824,"2025-08-16 20:32:02.89",Lathe,Machine,"Rotor TK1",089-138,0,id,0,0.00,0,0,0,0,0,0
825,"2025-08-16 20:32:07.77",Lathe,Machine,"Rotor TK4",2021404,0,id,0,0.00,0,0,0,0,0,0
826,"2025-08-16 20:32:09.29",Lathe,Machine,"Rotor TK1",089-138,0,id,1,102.44,105,0,0,0,0,0
827,"2025-08-16 20:32:41.44",Lathe,Machine,"Rotor TK4",2021404,0,id,0,0.00,0,0,0,0,0,0
828,"2025-08-16 20:32:42.36",Lathe,Machine,"Rotor TK4",2021404,0,id,0,0.00,0,0,0,0,0,0
829,"2025-08-16 20:32:42.65",Lathe,Machine,"Rotor TK4",2021404,0,id,0,0.00,0,0,0,0,0,0
830,"2025-08-16 20:32:48.21",Lathe,Machine,"Rotor TK4",2021404,0,id,1,102.57,72,0,0,0,0,0
831,"2025-08-16 20:33:26.16",Lathe,Machine,"Rotor TK1",089-138,0,id,0,0.00,0,0,0,0,0,0
832,"2025-08-16 20:33:45.53",Lathe,Machine,"Rotor TK1",089-138,0,id,0,0.00,0,0,0,0,0,0
833,"2025-08-16 20:33:46.42",Lathe,Machine,"Rotor TK1",089-138,0,id,0,0.00,0,0,0,0,0,0
834,"2025-08-16 20:33:50.12",Lathe,Machine,"Rotor TK4",2021404,0,id,0,0.00,0,0,0,0,0,0
835,"2025-08-16 20:33:52.63",Lathe,Machine,"Rotor TK1",089-138,0,id,1,103.34,106,0,0,0,0,0
836,"2025-08-16 20:34:24.80",Lathe,Machine,"Rotor TK4",2021404,0,id,0,0.00,0,0,0,0,0,0
837,"2025-08-16 20:34:26.08",Lathe,Machine,"Rotor TK4",2021404,0,id,0,0.00,0,0,0,0,0,0
838,"2025-08-16 20:34:31.52",Lathe,Machine,"Rotor TK4",2021404,0,id,1,103.31,73,0,0,0,0,0
839,"2025-08-16 20:35:09.34",Lathe,Machine,"Rotor TK1",089-138,0,id,0,0.00,0,0,0,0,0,0
840,"2025-08-16 20:35:27.68",Lathe,Machine,"Rotor TK1",089-138,0,id,0,0.00,0,0,0,0,0,0
841,"2025-08-16 20:35:27.99",Lathe,Machine,"Rotor TK1",089-138,0,id,0,0.00,0,0,0,0,0,0
842,"2025-08-16 20:35:28.64",Lathe,Machine,"Rotor TK1",089-138,0,id,0,0.00,0,0,0,0,0,0
843,"2025-08-16 20:35:33.58",Lathe,Machine,"Rotor TK4",2021404,0,id,0,0.00,0,0,0,0,0,0
844,"2025-08-16 20:35:35.08",Lathe,Machine,"Rotor TK1",089-138,0,id,1,102.45,107,0,0,0,0,0
845,"2025-08-16 20:36:07.31",Lathe,Machine,"Rotor TK4",2021404,0,id,0,0.00,0,0,0,0,0,0
846,"2025-08-16 20:36:08.29",Lathe,Machine,"Rotor TK4",2021404,0,id,0,0.00,0,0,0,0,0,0
847,"2025-08-16 20:36:13.94",Lathe,Machine,"Rotor TK4",2021404,0,id,1,102.42,74,0,0,0,0,0
848,"2025-08-16 20:36:51.81",Lathe,Machine,"Rotor TK1",089-138,0,id,0,0.00,0,0,0,0,0,0
849,"2025-08-16 20:37:11.28",Lathe,Machine,"Rotor TK1",089-138,0,id,0,0.00,0,0,0,0,0,0
850,"2025-08-16 20:37:12.19",Lathe,Machine,"Rotor TK1",089-138,0,id,0,0.00,0,0,0,0,0,0
851,"2025-08-16 20:37:15.97",Lathe,Machine,"Rotor TK4",2021404,0,id,0,0.00,0,0,0,0,0,0
852,"2025-08-16 20:37:18.55",Lathe,Machine,"Rotor TK1",089-138,0,id,1,103.47,108,0,0,0,0,0
853,"2025-08-16 20:37:50.55",Lathe,Machine,"Rotor TK4",2021404,0,id,0,0.00,0,0,0,0,0,0
854,"2025-08-16 20:37:51.46",Lathe,Machine,"Rotor TK4",2021404,0,id,0,0.00,0,0,0,0,0,0
855,"2025-08-16 20:37:57.11",Lathe,Machine,"Rotor TK4",2021404,0,id,1,103.17,75,0,0,0,0,0
856,"2025-08-16 20:38:35.13",Lathe,Machine,"Rotor TK1",089-138,0,id,0,0.00,0,0,0,0,0,0
857,"2025-08-16 20:38:54.35",Lathe,Machine,"Rotor TK1",089-138,0,id,0,0.00,0,0,0,0,0,0
858,"2025-08-16 20:38:55.29",Lathe,Machine,"Rotor TK1",089-138,0,id,0,0.00,0,0,0,0,0,0
859,"2025-08-16 20:38:59.23",Lathe,Machine,"Rotor TK4",2021404,0,id,0,0.00,0,0,0,0,0,0
860,"2025-08-16 20:39:01.91",Lathe,Machine,"Rotor TK1",089-138,0,id,1,103.36,109,0,0,0,0,0
861,"2025-08-16 20:39:33.45",Lathe,Machine,"Rotor TK4",2021404,0,id,0,0.00,0,0,0,0,0,0
862,"2025-08-16 20:39:34.75",Lathe,Machine,"Rotor TK4",2021404,0,id,0,0.00,0,0,0,0,0,0
863,"2025-08-16 20:39:39.90",Lathe,Machine,"Rotor TK4",2021404,0,id,0,0.00,0,0,0,1,0,0
864,"2025-08-16 20:39:40.21",Lathe,Machine,"Rotor TK4",2021404,0,id,1,95.00,76,0,0,1,0,0
865,"2025-08-16 20:40:18.08",Lathe,Machine,"Rotor TK1",089-138,0,id,0,0.00,0,0,0,0,0,0
866,"2025-08-16 20:40:20.82",Lathe,Machine,"Rotor TK4",2021404,0,id,0,0.00,0,0,0,0,0,0
867,"2025-08-16 20:41:05.45",Lathe,Machine,"Rotor TK4",2021404,0,id,0,0.00,0,0,0,0,0,0
868,"2025-08-16 20:41:07.37",Lathe,Machine,"Rotor TK4",2021404,0,id,0,0.00,0,0,0,0,0,0
869,"2025-08-16 20:41:08.33",Lathe,Machine,"Rotor TK4",2021404,0,id,0,0.00,0,0,0,0,0,0
870,"2025-08-16 20:41:51.62",Lathe,Machine,"Rotor TK1",089-138,0,id,0,0.00,0,0,0,0,0,0
871,"2025-08-16 20:41:51.96",Lathe,Machine,"Rotor TK1",089-138,0,id,0,0.00,0,0,0,0,0,0
872,"2025-08-16 20:41:52.60",Lathe,Machine,"Rotor TK1",089-138,0,id,0,0.00,0,0,0,0,0,0
873,"2025-08-16 20:41:58.99",Lathe,Machine,"Rotor TK1",089-138,0,id,1,177.08,110,0,0,0,0,0
874,"2025-08-16 20:42:15.98",Lathe,Machine,"Rotor TK4",2021404,0,id,0,0.00,0,0,0,0,0,0
875,"2025-08-16 20:42:33.15",Lathe,Machine,"Rotor TK4",2021404,0,id,0,0.00,0,0,0,0,0,0
876,"2025-08-16 20:42:34.08",Lathe,Machine,"Rotor TK4",2021404,0,id,0,0.00,0,0,0,0,0,0
877,"2025-08-16 20:42:34.39",Lathe,Machine,"Rotor TK4",2021404,0,id,0,0.00,0,0,0,0,0,0
878,"2025-08-16 20:42:39.84",Lathe,Machine,"Rotor TK4",2021404,0,id,1,95.00,77,0,0,0,0,0
879,"2025-08-16 20:43:15.54",Lathe,Machine,"Rotor TK1",089-138,0,id,0,0.00,0,0,0,0,0,0
880,"2025-08-16 20:43:35.00",Lathe,Machine,"Rotor TK1",089-138,0,id,0,0.00,0,0,0,0,0,0
881,"2025-08-16 20:43:35.98",Lathe,Machine,"Rotor TK1",089-138,0,id,0,0.00,0,0,0,0,0,0
882,"2025-08-16 20:43:41.96",Lathe,Machine,"Rotor TK4",2021404,0,id,0,0.00,0,0,0,0,0,0
883,"2025-08-16 20:43:42.27",Lathe,Machine,"Rotor TK1",089-138,0,id,1,103.28,111,0,0,0,0,0
884,"2025-08-16 20:44:14.25",Lathe,Machine,"Rotor TK4",2021404,0,id,0,0.00,0,0,0,0,0,0
885,"2025-08-16 20:44:15.16",Lathe,Machine,"Rotor TK4",2021404,0,id,0,0.00,0,0,0,0,0,0
886,"2025-08-16 20:44:20.83",Lathe,Machine,"Rotor TK4",2021404,0,id,1,100.99,78,0,0,0,0,0
887,"2025-08-16 20:44:59.31",Lathe,Machine,"Rotor TK1",089-138,0,id,0,0.00,0,0,0,0,0,0
888,"2025-08-16 20:45:18.13",Lathe,Machine,"Rotor TK1",089-138,0,id,0,0.00,0,0,0,0,0,0
889,"2025-08-16 20:45:19.11",Lathe,Machine,"Rotor TK1",089-138,0,id,0,0.00,0,0,0,0,0,0
890,"2025-08-16 20:45:22.95",Lathe,Machine,"Rotor TK4",2021404,0,id,0,0.00,0,0,0,0,0,0
891,"2025-08-16 20:45:25.37",Lathe,Machine,"Rotor TK1",089-138,0,id,1,103.10,112,0,0,0,0,0
892,"2025-08-16 20:45:57.25",Lathe,Machine,"Rotor TK4",2021404,0,id,0,0.00,0,0,0,0,0,0
893,"2025-08-16 20:45:59.36",Lathe,Machine,"Rotor TK4",2021404,0,id,0,0.00,0,0,0,0,0,0
894,"2025-08-16 20:46:04.02",Lathe,Machine,"Rotor TK4",2021404,0,id,1,103.19,79,0,0,0,0,0
895,"2025-08-16 20:46:41.89",Lathe,Machine,"Rotor TK1",089-138,0,id,0,0.00,0,0,0,0,0,0
896,"2025-08-16 20:47:01.25",Lathe,Machine,"Rotor TK1",089-138,0,id,0,0.00,0,0,0,0,0,0
897,"2025-08-16 20:47:02.20",Lathe,Machine,"Rotor TK1",089-138,0,id,0,0.00,0,0,0,0,0,0
898,"2025-08-16 20:47:06.84",Lathe,Machine,"Rotor TK4",2021404,0,id,0,0.00,0,0,0,0,0,0
899,"2025-08-16 20:47:08.39",Lathe,Machine,"Rotor TK1",089-138,0,id,1,103.02,113,0,0,0,0,0
900,"2025-08-16 20:47:40.62",Lathe,Machine,"Rotor TK4",2021404,0,id,0,0.00,0,0,0,0,0,0
901,"2025-08-16 20:47:41.64",Lathe,Machine,"Rotor TK4",2021404,0,id,0,0.00,0,0,0,0,0,0
902,"2025-08-16 20:47:47.02",Lathe,Machine,"Rotor TK4",2021404,0,id,1,103.00,80,0,0,0,0,0
903,"2025-08-16 20:48:24.92",Lathe,Machine,"Rotor TK1",089-138,0,id,0,0.00,0,0,0,0,0,0
904,"2025-08-16 20:48:44.43",Lathe,Machine,"Rotor TK1",089-138,0,id,0,0.00,0,0,0,0,0,0
905,"2025-08-16 20:48:45.43",Lathe,Machine,"Rotor TK1",089-138,0,id,0,0.00,0,0,0,0,0,0
906,"2025-08-16 20:48:49.22",Lathe,Machine,"Rotor TK4",2021404,0,id,0,0.00,0,0,0,0,0,0
907,"2025-08-16 20:48:51.35",Lathe,Machine,"Rotor TK1",089-138,0,id,1,102.96,114,0,0,0,0,0
908,"2025-08-16 20:49:23.43",Lathe,Machine,"Rotor TK4",2021404,0,id,0,0.00,0,0,0,0,0,0
909,"2025-08-16 20:49:24.65",Lathe,Machine,"Rotor TK4",2021404,0,id,0,0.00,0,0,0,0,0,0
910,"2025-08-16 20:49:30.07",Lathe,Machine,"Rotor TK4",2021404,0,id,1,103.05,81,0,0,0,0,0
911,"2025-08-16 20:50:08.18",Lathe,Machine,"Rotor TK1",089-138,0,id,0,0.00,0,0,0,0,0,0
912,"2025-08-16 20:50:27.35",Lathe,Machine,"Rotor TK1",089-138,0,id,0,0.00,0,0,0,0,0,0
913,"2025-08-16 20:50:28.32",Lathe,Machine,"Rotor TK1",089-138,0,id,0,0.00,0,0,0,0,0,0
914,"2025-08-16 20:50:32.34",Lathe,Machine,"Rotor TK4",2021404,0,id,0,0.00,0,0,0,0,0,0
915,"2025-08-16 20:50:34.33",Lathe,Machine,"Rotor TK1",089-138,0,id,1,102.98,115,0,0,0,0,0
916,"2025-08-16 20:51:06.49",Lathe,Machine,"Rotor TK4",2021404,0,id,0,0.00,0,0,0,0,0,0
917,"2025-08-16 20:51:07.71",Lathe,Machine,"Rotor TK4",2021404,0,id,0,0.00,0,0,0,0,0,0
918,"2025-08-16 20:51:13.10",Lathe,Machine,"Rotor TK4",2021404,0,id,1,103.03,82,0,0,0,0,0
919,"2025-08-16 20:51:51.28",Lathe,Machine,"Rotor TK1",089-138,0,id,0,0.00,0,0,0,0,0,0
920,"2025-08-16 20:52:10.36",Lathe,Machine,"Rotor TK1",089-138,0,id,0,0.00,0,0,0,0,0,0
921,"2025-08-16 20:52:11.31",Lathe,Machine,"Rotor TK1",089-138,0,id,0,0.00,0,0,0,0,0,0
922,"2025-08-16 20:52:15.22",Lathe,Machine,"Rotor TK4",2021404,0,id,0,0.00,0,0,0,0,0,0
923,"2025-08-16 20:52:17.60",Lathe,Machine,"Rotor TK1",089-138,0,id,1,103.27,116,0,0,0,0,0
924,"2025-08-16 20:52:48.98",Lathe,Machine,"Rotor TK4",2021404,0,id,0,0.00,0,0,0,0,0,0
925,"2025-08-16 20:52:50.24",Lathe,Machine,"Rotor TK4",2021404,0,id,0,0.00,0,0,0,0,0,0
926,"2025-08-16 20:52:55.43",Lathe,Machine,"Rotor TK4",2021404,0,id,1,102.33,83,0,0,0,0,0
927,"2025-08-16 20:53:34.27",Lathe,Machine,"Rotor TK1",089-138,0,id,0,0.00,0,0,0,0,0,0
928,"2025-08-16 20:53:52.83",Lathe,Machine,"Rotor TK1",089-138,0,id,0,0.00,0,0,0,0,0,0
929,"2025-08-16 20:53:53.87",Lathe,Machine,"Rotor TK1",089-138,0,id,0,0.00,0,0,0,0,0,0
930,"2025-08-16 20:53:57.90",Lathe,Machine,"Rotor TK4",2021404,0,id,0,0.00,0,0,0,0,0,0
931,"2025-08-16 20:54:00.11",Lathe,Machine,"Rotor TK1",089-138,0,id,1,102.51,117,0,0,0,0,0
932,"2025-08-16 20:54:32.12",Lathe,Machine,"Rotor TK4",2021404,0,id,0,0.00,0,0,0,0,0,0
933,"2025-08-16 20:54:33.14",Lathe,Machine,"Rotor TK4",2021404,0,id,0,0.00,0,0,0,0,0,0
934,"2025-08-16 20:54:38.51",Lathe,Machine,"Rotor TK4",2021404,0,id,1,103.08,84,0,0,0,0,0
935,"2025-08-16 20:55:16.75",Lathe,Machine,"Rotor TK1",089-138,0,id,0,0.00,0,0,0,0,0,0
936,"2025-08-16 20:55:35.71",Lathe,Machine,"Rotor TK1",089-138,0,id,0,0.00,0,0,0,0,0,0
937,"2025-08-16 20:55:36.62",Lathe,Machine,"Rotor TK1",089-138,0,id,0,0.00,0,0,0,0,0,0
938,"2025-08-16 20:55:40.71",Lathe,Machine,"Rotor TK4",2021404,0,id,0,0.00,0,0,0,0,0,0
939,"2025-08-16 20:55:42.64",Lathe,Machine,"Rotor TK1",089-138,0,id,1,102.53,118,0,0,0,0,0
940,"2025-08-16 20:56:14.97",Lathe,Machine,"Rotor TK4",2021404,0,id,0,0.00,0,0,0,0,0,0
941,"2025-08-16 20:56:15.89",Lathe,Machine,"Rotor TK4",2021404,0,id,0,0.00,0,0,0,0,0,0
942,"2025-08-16 20:56:21.27",Lathe,Machine,"Rotor TK4",2021404,0,id,1,102.76,85,0,0,0,0,0
943,"2025-08-16 20:56:59.45",Lathe,Machine,"Rotor TK1",089-138,0,id,0,0.00,0,0,0,0,0,0
944,"2025-08-16 20:57:18.53",Lathe,Machine,"Rotor TK1",089-138,0,id,0,0.00,0,0,0,0,0,0
945,"2025-08-16 20:57:19.45",Lathe,Machine,"Rotor TK1",089-138,0,id,0,0.00,0,0,0,0,0,0
946,"2025-08-16 20:57:23.52",Lathe,Machine,"Rotor TK4",2021404,0,id,0,0.00,0,0,0,0,0,0
947,"2025-08-16 20:57:25.68",Lathe,Machine,"Rotor TK1",089-138,0,id,1,103.04,119,0,0,0,0,0
948,"2025-08-16 20:57:57.72",Lathe,Machine,"Rotor TK4",2021404,0,id,0,0.00,0,0,0,0,0,0
949,"2025-08-16 20:57:58.62",Lathe,Machine,"Rotor TK4",2021404,0,id,0,0.00,0,0,0,0,0,0
950,"2025-08-16 20:57:58.91",Lathe,Machine,"Rotor TK4",2021404,0,id,0,0.00,0,0,0,0,0,0
951,"2025-08-16 20:58:04.01",Lathe,Machine,"Rotor TK4",2021404,0,id,1,102.74,86,0,0,0,0,0
952,"2025-08-16 20:58:42.42",Lathe,Machine,"Rotor TK1",089-138,0,id,0,0.00,0,0,0,0,0,0
953,"2025-08-16 20:59:01.39",Lathe,Machine,"Rotor TK1",089-138,0,id,0,0.00,0,0,0,0,0,0
954,"2025-08-16 20:59:02.28",Lathe,Machine,"Rotor TK1",089-138,0,id,0,0.00,0,0,0,0,0,0
955,"2025-08-16 20:59:06.50",Lathe,Machine,"Rotor TK4",2021404,0,id,0,0.00,0,0,0,0,0,0
956,"2025-08-16 20:59:08.33",Lathe,Machine,"Rotor TK1",089-138,0,id,1,102.65,120,0,0,0,0,0
957,"2025-08-16 20:59:40.03",Lathe,Machine,"Rotor TK4",2021404,0,id,0,0.00,0,0,0,0,0,0
958,"2025-08-16 20:59:40.93",Lathe,Machine,"Rotor TK4",2021404,0,id,0,0.00,0,0,0,0,0,0
959,"2025-08-16 20:59:41.23",Lathe,Machine,"Rotor TK4",2021404,0,id,0,0.00,0,0,0,0,0,0
960,"2025-08-16 20:59:46.35",Lathe,Machine,"Rotor TK4",2021404,0,id,1,102.34,87,0,0,0,0,0
961,"2025-08-16 21:00:25.04",Lathe,Machine,"Rotor TK1",089-138,0,id,0,0.00,0,0,0,0,0,0
962,"2025-08-16 21:00:43.73",Lathe,Machine,"Rotor TK1",089-138,0,id,0,0.00,0,0,0,0,0,0
963,"2025-08-16 21:00:44.72",Lathe,Machine,"Rotor TK1",089-138,0,id,0,0.00,0,0,0,0,0,0
964,"2025-08-16 21:00:48.74",Lathe,Machine,"Rotor TK4",2021404,0,id,0,0.00,0,0,0,0,0,0
965,"2025-08-16 21:00:50.61",Lathe,Machine,"Rotor TK1",089-138,0,id,1,102.28,121,0,0,0,0,0
966,"2025-08-16 21:01:22.60",Lathe,Machine,"Rotor TK4",2021404,0,id,0,0.00,0,0,0,0,0,0
967,"2025-08-16 21:01:23.55",Lathe,Machine,"Rotor TK4",2021404,0,id,0,0.00,0,0,0,0,0,0
968,"2025-08-16 21:01:29.15",Lathe,Machine,"Rotor TK4",2021404,0,id,1,102.80,88,0,0,0,0,0
969,"2025-08-16 21:02:07.33",Lathe,Machine,"Rotor TK1",089-138,0,id,0,0.00,0,0,0,0,0,0
970,"2025-08-16 21:02:26.21",Lathe,Machine,"Rotor TK1",089-138,0,id,0,0.00,0,0,0,0,0,0
971,"2025-08-16 21:02:27.14",Lathe,Machine,"Rotor TK1",089-138,0,id,0,0.00,0,0,0,0,0,0
972,"2025-08-16 21:02:31.35",Lathe,Machine,"Rotor TK4",2021404,0,id,0,0.00,0,0,0,0,0,0
973,"2025-08-16 21:02:33.20",Lathe,Machine,"Rotor TK1",089-138,0,id,1,102.59,122,0,0,0,0,0
974,"2025-08-16 21:03:05.52",Lathe,Machine,"Rotor TK4",2021404,0,id,0,0.00,0,0,0,0,0,0
975,"2025-08-16 21:03:06.45",Lathe,Machine,"Rotor TK4",2021404,0,id,0,0.00,0,0,0,0,0,0
976,"2025-08-16 21:03:11.53",Lathe,Machine,"Rotor TK4",2021404,0,id,1,102.38,89,0,0,0,0,0
977,"2025-08-16 21:03:50.43",Lathe,Machine,"Rotor TK1",089-138,0,id,0,0.00,0,0,0,0,0,0
978,"2025-08-16 21:04:09.99",Lathe,Machine,"Rotor TK1",089-138,0,id,0,0.00,0,0,0,0,0,0
979,"2025-08-16 21:04:12.01",Lathe,Machine,"Rotor TK1",089-138,0,id,0,0.00,0,0,0,0,0,0
980,"2025-08-16 21:04:13.83",Lathe,Machine,"Rotor TK4",2021404,0,id,0,0.00,0,0,0,0,0,0
981,"2025-08-16 21:04:16.86",Lathe,Machine,"Rotor TK1",089-138,0,id,1,103.66,123,0,0,0,0,0
982,"2025-08-16 21:04:48.82",Lathe,Machine,"Rotor TK4",2021404,0,id,0,0.00,0,0,0,0,0,0
983,"2025-08-16 21:04:50.07",Lathe,Machine,"Rotor TK4",2021404,0,id,0,0.00,0,0,0,0,0,0
984,"2025-08-16 21:04:56.25",Lathe,Machine,"Rotor TK4",2021404,0,id,1,104.72,90,0,0,0,0,0
985,"2025-08-16 21:05:34.85",Lathe,Machine,"Rotor TK1",089-138,0,id,0,0.00,0,0,0,0,0,0
986,"2025-08-16 21:05:53.60",Lathe,Machine,"Rotor TK1",089-138,0,id,0,0.00,0,0,0,0,0,0
987,"2025-08-16 21:05:54.66",Lathe,Machine,"Rotor TK1",089-138,0,id,0,0.00,0,0,0,0,0,0
988,"2025-08-16 21:05:57.23",Lathe,Machine,"Rotor TK4",2021404,0,id,0,0.00,0,0,0,0,0,0
989,"2025-08-16 21:06:01.24",Lathe,Machine,"Rotor TK1",089-138,0,id,1,104.38,124,0,0,0,0,0
990,"2025-08-16 21:07:14.97",Lathe,Machine,"Rotor TK4",2021404,0,id,0,0.00,0,0,0,0,0,0
991,"2025-08-16 21:07:16.20",Lathe,Machine,"Rotor TK4",2021404,0,id,0,0.00,0,0,0,0,0,0
992,"2025-08-16 21:07:17.42",Lathe,Machine,"Rotor TK1",089-138,0,id,0,0.00,0,0,0,0,0,0
993,"2025-08-16 21:07:22.49",Lathe,Machine,"Rotor TK4",2021404,0,id,1,146.24,91,0,0,0,0,0
994,"2025-08-16 21:07:59.05",Lathe,Machine,"Rotor TK1",089-138,0,id,0,0.00,0,0,0,0,0,0
995,"2025-08-16 21:07:59.98",Lathe,Machine,"Rotor TK1",089-138,0,id,0,0.00,0,0,0,0,0,0
996,"2025-08-16 21:08:06.95",Lathe,Machine,"Rotor TK1",089-138,0,id,1,125.71,125,0,0,0,0,0
997,"2025-08-16 21:08:23.72",Lathe,Machine,"Rotor TK4",2021404,0,id,0,0.00,0,0,0,0,0,0
998,"2025-08-16 21:08:41.33",Lathe,Machine,"Rotor TK4",2021404,0,id,0,0.00,0,0,0,0,0,0
999,"2025-08-16 21:08:42.31",Lathe,Machine,"Rotor TK4",2021404,0,id,0,0.00,0,0,0,0,0,0
1000,"2025-08-16 21:08:48.22",Lathe,Machine,"Rotor TK4",2021404,0,id,1,85.73,92,0,0,0,0,0
